datetime,date,account_type,category,type,asset_class,name,symbol,shares,price,amount,fee,tax,currency,original_amount,original_currency,fx_rate,description,transaction_id,counterparty_name,counterparty_iban,payment_reference,mcc_code
2020-01-01T08:00:00.000000Z,2020-01-01,DEFAULT,CASH,CUSTOMER_INBOUND,,Sample User,,,,300.0,,,EUR,,,,Deposit,6310fde6-8b6c-9344-382d-2b30d3c8ffe0,,,,
2020-01-02T09:05:00.000000Z,2020-01-02,DEFAULT,TRADING,BUY,FUND,Vanguard FTSE All-World (Acc),IE00EXAMPLE01,2.713178,77.4,-210.0,-0.0,,EUR,,,,,6de68961-376d-0b12-5943-5b070b004446,,,,
2020-01-02T09:05:00.000000Z,2020-01-02,DEFAULT,TRADING,BUY,FUND,iShares MSCI EM (Acc),IE00EXAMPLE02,1.835143,32.695,-60.0,-0.0,,EUR,,,,,0c0e00da-99c9-c0f5-7ce1-3176c363a9c6,,,,
2020-01-02T09:05:00.000000Z,2020-01-02,DEFAULT,TRADING,BUY,FUND,Xetra-Gold,IE00EXAMPLE03,0.68278,43.938,-30.0,-0.0,,EUR,,,,,616d0697-de2d-2238-649d-c151dbd64ba0,,,,
2020-02-01T08:00:00.000000Z,2020-02-01,DEFAULT,CASH,CUSTOMER_INBOUND,,Sample User,,,,300.0,,,EUR,,,,Deposit,1066070b-41b1-6889-39a6-3f14eb7cdeb7,,,,
2020-02-03T09:05:00.000000Z,2020-02-03,DEFAULT,TRADING,BUY,FUND,Vanguard FTSE All-World (Acc),IE00EXAMPLE01,2.717743,77.27,-210.0,-0.0,,EUR,,,,,2f764f45-c00b-8814-76a0-3c33175dc957,,,,
2020-02-03T09:05:00.000000Z,2020-02-03,DEFAULT,TRADING,BUY,FUND,iShares MSCI EM (Acc),IE00EXAMPLE02,1.932056,31.055,-60.0,-0.0,,EUR,,,,,526a2c18-e40a-6703-6950-40a6b382505b,,,,
2020-02-03T09:05:00.000000Z,2020-02-03,DEFAULT,TRADING,BUY,FUND,Xetra-Gold,IE00EXAMPLE03,0.65388,45.88,-30.0,-0.0,,EUR,,,,,38c1cbe5-45d0-9f11-1d16-288f39a8a89d,,,,
2020-03-01T08:00:00.000000Z,2020-03-01,DEFAULT,CASH,CUSTOMER_INBOUND,,Sample User,,,,300.0,,,EUR,,,,Deposit,46fca261-8bcb-1c11-082b-29f1f1a65fd7,,,,
2020-03-02T09:05:00.000000Z,2020-03-02,DEFAULT,TRADING,BUY,FUND,Vanguard FTSE All-World (Acc),IE00EXAMPLE01,2.942001,71.38,-210.0,-0.0,,EUR,,,,,69efd178-6ddc-7d37-50da-6108236cdc96,,,,
2020-03-02T09:05:00.000000Z,2020-03-02,DEFAULT,TRADING,BUY,FUND,iShares MSCI EM (Acc),IE00EXAMPLE02,2.041858,29.385,-60.0,-0.0,,EUR,,,,,610904e1-9526-39fa-2d61-1b5f59aabc8f,,,,
2020-03-02T09:05:00.000000Z,2020-03-02,DEFAULT,TRADING,BUY,FUND,Xetra-Gold,IE00EXAMPLE03,0.652685,45.964,-30.0,-0.0,,EUR,,,,,7c3fd536-88b1-9a44-7251-cafbb90c499e,,,,
2020-04-01T08:00:00.000000Z,2020-04-01,DEFAULT,CASH,CUSTOMER_INBOUND,,Sample User,,,,300.0,,,EUR,,,,Deposit,63a21207-d6c6-0cd8-18e9-ebd261446288,,,,
2020-04-02T09:05:00.000000Z,2020-04-02,DEFAULT,TRADING,BUY,FUND,Vanguard FTSE All-World (Acc),IE00EXAMPLE01,3.46249,60.65,-210.0,-0.0,,EUR,,,,,3bbd838b-ae94-790b-059b-5c9ebfb7a21c,,,,
2020-04-02T09:05:00.000000Z,2020-04-02,DEFAULT,TRADING,BUY,FUND,iShares MSCI EM (Acc),IE00EXAMPLE02,2.41303,24.865,-60.0,-0.0,,EUR,,,,,13bfc211-45f5-fd50-576e-25e9df26f115,,,,
2020-04-02T09:05:00.000000Z,2020-04-02,DEFAULT,TRADING,BUY,FUND,Xetra-Gold,IE00EXAMPLE03,0.627957,47.774,-30.0,-0.0,,EUR,,,,,5f545dc7-7615-646a-7bd7-5be1aeee2585,,,,
2020-05-01T08:00:00.000000Z,2020-05-01,DEFAULT,CASH,CUSTOMER_INBOUND,,Sample User,,,,300.0,,,EUR,,,,Deposit,29b4a534-b496-be91-2f6b-3940f3e89891,,,,
2020-05-04T09:05:00.000000Z,2020-05-04,DEFAULT,TRADING,BUY,FUND,Xetra-Gold,IE00EXAMPLE03,0.596777,50.27,-30.0,-0.0,,EUR,,,,,1d0b5d94-aa43-df9a-55bc-7708c8418853,,,,
2020-05-04T09:05:00.000000Z,2020-05-04,DEFAULT,TRADING,BUY,FUND,iShares MSCI EM (Acc),IE00EXAMPLE02,2.29841,26.105,-60.0,-0.0,,EUR,,,,,10a14494-3b41-a2fb-3ce3-e62657de849c,,,,
2020-05-04T09:05:00.000000Z,2020-05-04,DEFAULT,TRADING,BUY,FUND,Vanguard FTSE All-World (Acc),IE00EXAMPLE01,3.168377,66.28,-210.0,-0.0,,EUR,,,,,3c1a67a2-89c5-9d0f-1840-98f565d8d768,,,,
2020-06-01T08:00:00.000000Z,2020-06-01,DEFAULT,CASH,CUSTOMER_INBOUND,,Sample User,,,,300.0,,,EUR,,,,Deposit,37f49815-785b-f33d-6a95-32fa14916e00,,,,
2020-06-02T09:05:00.000000Z,2020-06-02,DEFAULT,TRADING,BUY,FUND,Vanguard FTSE All-World (Acc),IE00EXAMPLE01,2.944476,71.32,-210.0,-0.0,,EUR,,,,,59a2496f-d09c-1ddb-27fb-a14e8c71ec1f,,,,
2020-06-02T09:05:00.000000Z,2020-06-02,DEFAULT,TRADING,BUY,FUND,iShares MSCI EM (Acc),IE00EXAMPLE02,2.125022,28.235,-60.0,-0.0,,EUR,,,,,6a877d3a-6248-b59a-6702-84ba37b52e05,,,,
2020-06-02T09:05:00.000000Z,2020-06-02,DEFAULT,TRADING,BUY,FUND,Xetra-Gold,IE00EXAMPLE03,0.601878,49.844,-30.0,-0.0,,EUR,,,,,3198e43a-ebbc-8f25-24e7-ef7072f4890b,,,,
2020-07-01T08:00:00.000000Z,2020-07-01,DEFAULT,CASH,CUSTOMER_INBOUND,,Sample User,,,,300.0,,,EUR,,,,Deposit,575c033e-9ea9-d458-11e3-68cd51816958,,,,
2020-07-02T09:05:00.000000Z,2020-07-02,DEFAULT,TRADING,BUY,FUND,Vanguard FTSE All-World (Acc),IE00EXAMPLE01,2.872384,73.11,-210.0,-0.0,,EUR,,,,,1996978b-ea97-1e22-00f1-3f31e706ef23,,,,
2020-07-02T09:05:00.000000Z,2020-07-02,DEFAULT,TRADING,BUY,FUND,iShares MSCI EM (Acc),IE00EXAMPLE02,2.021223,29.685,-60.0,-0.0,,EUR,,,,,64b9f020-e5fe-f018-5519-d536e3e2fa5d,,,,
2020-07-02T09:05:00.000000Z,2020-07-02,DEFAULT,TRADING,BUY,FUND,Xetra-Gold,IE00EXAMPLE03,0.589623,50.88,-30.0,-0.0,,EUR,,,,,5a42dbef-bc5c-4feb-63ee-edcba378b8ae,,,,
2020-08-01T08:00:00.000000Z,2020-08-01,DEFAULT,CASH,CUSTOMER_INBOUND,,Sample User,,,,300.0,,,EUR,,,,Deposit,3abdc08b-c71f-708a-48cc-82f240b7b4a4,,,,
2020-08-03T09:05:00.000000Z,2020-08-03,DEFAULT,TRADING,BUY,FUND,Vanguard FTSE All-World (Acc),IE00EXAMPLE01,2.878289,72.96,-210.0,-0.0,,EUR,,,,,11e4de37-84c5-02ed-0ea8-ebe41f6bed47,,,,
2020-08-03T09:05:00.000000Z,2020-08-03,DEFAULT,TRADING,BUY,FUND,iShares MSCI EM (Acc),IE00EXAMPLE02,1.99634,30.055,-60.0,-0.0,,EUR,,,,,558e3a6e-b845-41f3-3c4c-e16753c4532b,,,,
2020-08-03T09:05:00.000000Z,2020-08-03,DEFAULT,TRADING,BUY,FUND,Xetra-Gold,IE00EXAMPLE03,0.55607,53.95,-30.0,-0.0,,EUR,,,,,4859a81f-ed73-42fe-61eb-7b890a2323f9,,,,
2020-09-01T08:00:00.000000Z,2020-09-01,DEFAULT,CASH,CUSTOMER_INBOUND,,Sample User,,,,300.0,,,EUR,,,,Deposit,513e732d-498c-8363-46db-b096c85e2733,,,,
2020-09-02T09:05:00.000000Z,2020-09-02,DEFAULT,TRADING,BUY,FUND,Vanguard FTSE All-World (Acc),IE00EXAMPLE01,2.734019,76.81,-210.0,-0.0,,EUR,,,,,479419a9-8b97-ae3d-26e7-d63965bfb255,,,,
2020-09-02T09:05:00.000000Z,2020-09-02,DEFAULT,TRADING,BUY,FUND,iShares MSCI EM (Acc),IE00EXAMPLE02,1.949951,30.77,-60.0,-0.0,,EUR,,,,,03f1d6bb-cd29-cdb7-37e6-5afc2c7ada96,,,,
2020-09-02T09:05:00.000000Z,2020-09-02,DEFAULT,TRADING,BUY,FUND,Xetra-Gold,IE00EXAMPLE03,0.568128,52.805,-30.0,-0.0,,EUR,,,,,1b7782b3-fdca-5f27-344a-aaa62365ef8b,,,,
2020-10-01T08:00:00.000000Z,2020-10-01,DEFAULT,CASH,CUSTOMER_INBOUND,,Sample User,,,,300.0,,,EUR,,,,Deposit,6d3c4fd8-ff0f-aac0-1df1-baa48470d1ae,,,,
2020-10-02T09:05:00.000000Z,2020-10-02,DEFAULT,TRADING,BUY,FUND,Xetra-Gold,IE00EXAMPLE03,0.573285,52.33,-30.0,-0.0,,EUR,,,,,474cd45e-9029-f796-6456-c6c9c0a45906,,,,
2020-10-02T09:05:00.000000Z,2020-10-02,DEFAULT,TRADING,BUY,FUND,Vanguard FTSE All-World (Acc),IE00EXAMPLE01,2.816146,74.57,-210.0,-0.0,,EUR,,,,,077676d8-692c-a0dd-2404-632aed869f5d,,,,
2020-10-02T09:05:00.000000Z,2020-10-02,DEFAULT,TRADING,BUY,FUND,iShares MSCI EM (Acc),IE00EXAMPLE02,1.964958,30.535,-60.0,-0.0,,EUR,,,,,25947af1-f575-a002-54b9-ae2bb797b16e,,,,
2020-11-01T08:00:00.000000Z,2020-11-01,DEFAULT,CASH,CUSTOMER_INBOUND,,Sample User,,,,300.0,,,EUR,,,,Deposit,550839e0-ff80-6e5e-3404-7c13b46038a9,,,,
2020-11-02T09:05:00.000000Z,2020-11-02,DEFAULT,TRADING,BUY,FUND,Vanguard FTSE All-World (Acc),IE00EXAMPLE01,2.835922,74.05,-210.0,-0.0,,EUR,,,,,6831d1e9-357f-ac13-155f-5e5f291d98dd,,,,
2020-11-02T09:05:00.000000Z,2020-11-02,DEFAULT,TRADING,BUY,FUND,iShares MSCI EM (Acc),IE00EXAMPLE02,1.909612,31.42,-60.0,-0.0,,EUR,,,,,02e83aad-aaca-0fde-0b86-b0348d961485,,,,
2020-11-02T09:05:00.000000Z,2020-11-02,DEFAULT,TRADING,BUY,FUND,Xetra-Gold,IE00EXAMPLE03,0.573778,52.285,-30.0,-0.0,,EUR,,,,,5c76456d-62c2-3ac0-3b1e-cb07592fc90a,,,,
2020-12-01T08:00:00.000000Z,2020-12-01,DEFAULT,CASH,CUSTOMER_INBOUND,,Sample User,,,,300.0,,,EUR,,,,Deposit,14a48dbc-5bc8-92c6-4022-3c357347923d,,,,
2020-12-02T09:05:00.000000Z,2020-12-02,DEFAULT,TRADING,BUY,FUND,Vanguard FTSE All-World (Acc),IE00EXAMPLE01,2.622378,80.08,-210.0,-0.0,,EUR,,,,,137ef685-f812-1168-5921-06ab3fa8830e,,,,
2020-12-02T09:05:00.000000Z,2020-12-02,DEFAULT,TRADING,BUY,FUND,iShares MSCI EM (Acc),IE00EXAMPLE02,1.789442,33.53,-60.0,-0.0,,EUR,,,,,391ba61a-3f70-ab25-30c5-4db4954680e1,,,,
2020-12-02T09:05:00.000000Z,2020-12-02,DEFAULT,TRADING,BUY,FUND,Xetra-Gold,IE00EXAMPLE03,0.617157,48.61,-30.0,-0.0,,EUR,,,,,2697f2b9-1e8f-e49b-50ad-199a578380d8,,,,
2021-01-01T08:00:00.000000Z,2021-01-01,DEFAULT,CASH,CUSTOMER_INBOUND,,Sample User,,,,300.0,,,EUR,,,,Deposit,2e4fe028-cdb8-9cd8-0b38-1cd07ad734e2,,,,
2021-01-04T09:05:00.000000Z,2021-01-04,DEFAULT,TRADING,BUY,FUND,Vanguard FTSE All-World (Acc),IE00EXAMPLE01,2.592273,81.01,-210.0,-0.0,,EUR,,,,,0f1ad141-2bda-03b6-7b1f-7671ab6282b8,,,,
2021-01-04T09:05:00.000000Z,2021-01-04,DEFAULT,TRADING,BUY,FUND,iShares MSCI EM (Acc),IE00EXAMPLE02,1.711596,35.055,-60.0,-0.0,,EUR,,,,,744c5f40-2ee1-b93c-5990-00dc3f5e4fbe,,,,
2021-01-04T09:05:00.000000Z,2021-01-04,DEFAULT,TRADING,BUY,FUND,Xetra-Gold,IE00EXAMPLE03,0.589971,50.85,-30.0,-0.0,,EUR,,,,,220806e2-ba8c-a7fc-7c0d-f8b661d2454d,,,,
2021-02-01T08:00:00.000000Z,2021-02-01,DEFAULT,CASH,CUSTOMER_INBOUND,,Sample User,,,,300.0,,,EUR,,,,Deposit,63ae1c10-21bb-2ec1-5bc3-0ec6a16d091a,,,,
2021-02-02T09:05:00.000000Z,2021-02-02,DEFAULT,TRADING,BUY,FUND,Vanguard FTSE All-World (Acc),IE00EXAMPLE01,2.46421,85.22,-210.0,-0.0,,EUR,,,,,3984ad7d-e4fe-2ac2-22d8-cfbe5e5361a4,,,,
2021-02-02T09:05:00.000000Z,2021-02-02,DEFAULT,TRADING,BUY,FUND,iShares MSCI EM (Acc),IE00EXAMPLE02,1.578947,38.0,-60.0,-0.0,,EUR,,,,,0c5689ff-0a24-faa9-7388-79af393812c0,,,,
2021-02-02T09:05:00.000000Z,2021-02-02,DEFAULT,TRADING,BUY,FUND,Xetra-Gold,IE00EXAMPLE03,0.610724,49.122,-30.0,-0.0,,EUR,,,,,3a56e0a1-9054-702e-19e7-0af0da1db8f9,,,,
2021-03-01T08:00:00.000000Z,2021-03-01,DEFAULT,CASH,CUSTOMER_INBOUND,,Sample User,,,,300.0,,,EUR,,,,Deposit,2729962f-5c5d-ed18-4a23-dde8e7823202,,,,
2021-03-02T09:05:00.000000Z,2021-03-02,DEFAULT,TRADING,BUY,FUND,Xetra-Gold,IE00EXAMPLE03,0.651155,46.072,-30.0,-0.0,,EUR,,,,,374ed321-54e6-f304-504b-a7f5a7826826,,,,
2021-03-02T09:05:00.000000Z,2021-03-02,DEFAULT,TRADING,BUY,FUND,Vanguard FTSE All-World (Acc),IE00EXAMPLE01,2.447552,85.8,-210.0,-0.0,,EUR,,,,,16a07d94-c601-0eb8-6da5-896fbb4a54cb,,,,
2021-03-02T09:05:00.000000Z,2021-03-02,DEFAULT,TRADING,BUY,FUND,iShares MSCI EM (Acc),IE00EXAMPLE02,1.61247,37.21,-60.0,-0.0,,EUR,,,,,61172aff-027f-c31d-5c17-5cb53f12d68a,,,,
2021-03-15T14:30:00.000000Z,2021-03-15,DEFAULT,TRADING,BUY,STOCK,Apple,US0EXAMPLE04,7.710301,103.7573,-801.0,-1.0,,EUR,,,,,4ac3b8e5-11f2-de6f-532e-2c668c1ef4a7,,,,
2021-04-01T08:00:00.000000Z,2021-04-01,DEFAULT,CASH,CUSTOMER_INBOUND,,Sample User,,,,300.0,,,EUR,,,,Deposit,0acf124e-d07a-b9be-3539-2d4ce0f55d05,,,,
2021-04-02T09:05:00.000000Z,2021-04-02,DEFAULT,TRADING,BUY,FUND,Vanguard FTSE All-World (Acc),IE00EXAMPLE01,2.333333,90.0,-210.0,-0.0,,EUR,,,,,05539cfd-e4b8-b209-3f3b-175696f86e38,,,,
2021-04-02T09:05:00.000000Z,2021-04-02,DEFAULT,TRADING,BUY,FUND,iShares MSCI EM (Acc),IE00EXAMPLE02,1.588142,37.78,-60.0,-0.0,,EUR,,,,,2a38e467-9817-c32f-127f-c4c4548e826c,,,,
2021-04-02T09:05:00.000000Z,2021-04-02,DEFAULT,TRADING,BUY,FUND,Xetra-Gold,IE00EXAMPLE03,0.634867,47.254,-30.0,-0.0,,EUR,,,,,0d3c4ef6-56be-f850-4b37-eff5966c77cb,,,,
2021-05-01T08:00:00.000000Z,2021-05-01,DEFAULT,CASH,CUSTOMER_INBOUND,,Sample User,,,,300.0,,,EUR,,,,Deposit,15d5fd8a-6590-dbcf-766a-5606a66629ed,,,,
2021-05-03T09:05:00.000000Z,2021-05-03,DEFAULT,TRADING,BUY,FUND,Vanguard FTSE All-World (Acc),IE00EXAMPLE01,2.309723,90.92,-210.0,-0.0,,EUR,,,,,4a60361f-fead-f487-2c66-3ad139388bd1,,,,
2021-05-03T09:05:00.000000Z,2021-05-03,DEFAULT,TRADING,BUY,FUND,iShares MSCI EM (Acc),IE00EXAMPLE02,1.625796,36.905,-60.0,-0.0,,EUR,,,,,4ba31e6b-4e64-d312-02eb-3cbc25ba77a8,,,,
2021-05-03T09:05:00.000000Z,2021-05-03,DEFAULT,TRADING,BUY,FUND,Xetra-Gold,IE00EXAMPLE03,0.628114,47.762,-30.0,-0.0,,EUR,,,,,7ab2117c-1364-4be8-3dbc-1e78358619a6,,,,
2021-05-15T10:00:00.000000Z,2021-05-15,DEFAULT,CASH,DIVIDEND,STOCK,Apple,US0EXAMPLE04,7.710301,,1.53,,,EUR,1.85,USD,1.2077,,6430aafd-3bca-2e27-0a96-e58a08507f2c,,,,
2021-06-01T08:00:00.000000Z,2021-06-01,DEFAULT,CASH,CUSTOMER_INBOUND,,Sample User,,,,300.0,,,EUR,,,,Deposit,3e4ad1f7-a34e-f66a-3ecf-7c9e55e7647d,,,,
2021-06-02T09:05:00.000000Z,2021-06-02,DEFAULT,TRADING,BUY,FUND,iShares MSCI EM (Acc),IE00EXAMPLE02,1.585624,37.84,-60.0,-0.0,,EUR,,,,,3c9b4cfa-4568-45f8-222c-422ee75f5a5d,,,,
2021-06-02T09:05:00.000000Z,2021-06-02,DEFAULT,TRADING,BUY,FUND,Vanguard FTSE All-World (Acc),IE00EXAMPLE01,2.298347,91.37,-210.0,-0.0,,EUR,,,,,780ab280-b878-3210-492e-6283949c44cd,,,,
2021-06-02T09:05:00.000000Z,2021-06-02,DEFAULT,TRADING,BUY,FUND,Xetra-Gold,IE00EXAMPLE03,0.598265,50.145,-30.0,-0.0,,EUR,,,,,2a70da57-fa15-3aaa-42a5-64ae45c2b4f3,,,,
2021-07-01T08:00:00.000000Z,2021-07-01,DEFAULT,CASH,CUSTOMER_INBOUND,,Sample User,,,,300.0,,,EUR,,,,Deposit,382e402f-ecc5-85a7-02c4-2f44246c6d8f,,,,
2021-07-02T09:05:00.000000Z,2021-07-02,DEFAULT,TRADING,BUY,FUND,iShares MSCI EM (Acc),IE00EXAMPLE02,1.57439,38.11,-60.0,-0.0,,EUR,,,,,11f3aea1-457b-5bae-46ea-a806a6adcff0,,,,
2021-07-02T09:05:00.000000Z,2021-07-02,DEFAULT,TRADING,BUY,FUND,Xetra-Gold,IE00EXAMPLE03,0.620014,48.386,-30.0,-0.0,,EUR,,,,,0de5cf54-a868-99da-560b-f69f553f1fad,,,,
2021-07-02T09:05:00.000000Z,2021-07-02,DEFAULT,TRADING,BUY,FUND,Vanguard FTSE All-World (Acc),IE00EXAMPLE01,2.205419,95.22,-210.0,-0.0,,EUR,,,,,69c3ef0b-ae8d-024f-72b5-656b8144ef15,,,,
2021-08-01T08:00:00.000000Z,2021-08-01,DEFAULT,CASH,CUSTOMER_INBOUND,,Sample User,,,,300.0,,,EUR,,,,Deposit,23ff77f8-0f37-4580-5467-f5fd1f373d1b,,,,
2021-08-02T09:05:00.000000Z,2021-08-02,DEFAULT,TRADING,BUY,FUND,Vanguard FTSE All-World (Acc),IE00EXAMPLE01,2.192296,95.79,-210.0,-0.0,,EUR,,,,,5d0e28d6-5d7a-5367-6263-0a7ff8295412,,,,
2021-08-02T09:05:00.000000Z,2021-08-02,DEFAULT,TRADING,BUY,FUND,iShares MSCI EM (Acc),IE00EXAMPLE02,1.647446,36.42,-60.0,-0.0,,EUR,,,,,0dca748f-a90c-0623-753f-e04aceac9dbf,,,,
2021-08-02T09:05:00.000000Z,2021-08-02,DEFAULT,TRADING,BUY,FUND,Xetra-Gold,IE00EXAMPLE03,0.610277,49.158,-30.0,-0.0,,EUR,,,,,1d77a6ec-fcd1-e3b6-04c9-ef449e442bfe,,,,
2021-08-15T10:00:00.000000Z,2021-08-15,DEFAULT,CASH,DIVIDEND,STOCK,Apple,US0EXAMPLE04,7.710301,,1.58,,,EUR,1.85,USD,1.1736,,470567dd-1214-e0c8-2f7a-61a345fda668,,,,
2021-09-01T08:00:00.000000Z,2021-09-01,DEFAULT,CASH,CUSTOMER_INBOUND,,Sample User,,,,300.0,,,EUR,,,,Deposit,6a368ce0-a7ac-9ead-6774-c8c3bae26452,,,,
2021-09-02T09:05:00.000000Z,2021-09-02,DEFAULT,TRADING,BUY,FUND,iShares MSCI EM (Acc),IE00EXAMPLE02,1.613771,37.18,-60.0,-0.0,,EUR,,,,,253ccbb4-5142-2525-41ed-645acf991bae,,,,
2021-09-02T09:05:00.000000Z,2021-09-02,DEFAULT,TRADING,BUY,FUND,Xetra-Gold,IE00EXAMPLE03,0.610824,49.114,-30.0,-0.0,,EUR,,,,,20c376ce-73e8-7a91-77d0-46947ee5a1b1,,,,
2021-09-02T09:05:00.000000Z,2021-09-02,DEFAULT,TRADING,BUY,FUND,Vanguard FTSE All-World (Acc),IE00EXAMPLE01,2.135231,98.35,-210.0,-0.0,,EUR,,,,,289801da-7b4a-86ca-79f8-9b7d19f3543d,,,,
2021-10-01T08:00:00.000000Z,2021-10-01,DEFAULT,CASH,CUSTOMER_INBOUND,,Sample User,,,,300.0,,,EUR,,,,Deposit,1511de74-9721-3e36-05bf-a194c43e7bac,,,,
2021-10-04T09:05:00.000000Z,2021-10-04,DEFAULT,TRADING,BUY,FUND,Vanguard FTSE All-World (Acc),IE00EXAMPLE01,2.221047,94.55,-210.0,-0.0,,EUR,,,,,37b142ad-a63f-02f4-7f06-29987c146cb3,,,,
2021-10-04T09:05:00.000000Z,2021-10-04,DEFAULT,TRADING,BUY,FUND,iShares MSCI EM (Acc),IE00EXAMPLE02,1.698514,35.325,-60.0,-0.0,,EUR,,,,,72227b0c-9365-a92e-5fd2-63388ba38e44,,,,
2021-10-04T09:05:00.000000Z,2021-10-04,DEFAULT,TRADING,BUY,FUND,Xetra-Gold,IE00EXAMPLE03,0.614452,48.824,-30.0,-0.0,,EUR,,,,,72057d03-ec3e-052c-725c-75a11c98f58f,,,,
2021-11-01T08:00:00.000000Z,2021-11-01,DEFAULT,CASH,CUSTOMER_INBOUND,,Sample User,,,,300.0,,,EUR,,,,Deposit,4269f364-8ed8-7658-2870-5cf8bc1a0f72,,,,
2021-11-02T09:05:00.000000Z,2021-11-02,DEFAULT,TRADING,BUY,FUND,Xetra-Gold,IE00EXAMPLE03,0.604327,49.642,-30.0,-0.0,,EUR,,,,,5f96cd4e-de49-7a43-2198-4e6230a38f55,,,,
2021-11-02T09:05:00.000000Z,2021-11-02,DEFAULT,TRADING,BUY,FUND,Vanguard FTSE All-World (Acc),IE00EXAMPLE01,2.074689,101.22,-210.0,-0.0,,EUR,,,,,62d14daa-02d4-a32a-54b1-50f72af467b6,,,,
2021-11-02T09:05:00.000000Z,2021-11-02,DEFAULT,TRADING,BUY,FUND,iShares MSCI EM (Acc),IE00EXAMPLE02,1.640465,36.575,-60.0,-0.0,,EUR,,,,,2fd40436-b482-1621-0c17-7bd8f1722506,,,,
2021-11-15T10:00:00.000000Z,2021-11-15,DEFAULT,CASH,DIVIDEND,STOCK,Apple,US0EXAMPLE04,7.710301,,1.62,,,EUR,1.85,USD,1.1442,,77e97e4a-00ad-e6f2-1ed8-1fb1794f43bb,,,,
2021-12-01T08:00:00.000000Z,2021-12-01,DEFAULT,CASH,CUSTOMER_INBOUND,,Sample User,,,,300.0,,,EUR,,,,Deposit,0fb6882c-8415-a94a-6a61-e66908a88577,,,,
2021-12-02T09:05:00.000000Z,2021-12-02,DEFAULT,TRADING,BUY,FUND,Vanguard FTSE All-World (Acc),IE00EXAMPLE01,2.086645,100.64,-210.0,-0.0,,EUR,,,,,139ed20b-722a-278e-16f2-43905f952893,,,,
2021-12-02T09:05:00.000000Z,2021-12-02,DEFAULT,TRADING,BUY,FUND,iShares MSCI EM (Acc),IE00EXAMPLE02,1.636215,36.67,-60.0,-0.0,,EUR,,,,,4cb89347-af00-b455-6ff1-a621dc268fa1,,,,
2021-12-02T09:05:00.000000Z,2021-12-02,DEFAULT,TRADING,BUY,FUND,Xetra-Gold,IE00EXAMPLE03,0.59755,50.205,-30.0,-0.0,,EUR,,,,,1924c568-85bb-8272-27b8-afa523e7b4d6,,,,
2022-01-01T08:00:00.000000Z,2022-01-01,DEFAULT,CASH,CUSTOMER_INBOUND,,Sample User,,,,300.0,,,EUR,,,,Deposit,63820071-ffbf-607b-7c64-ceeea9036e84,,,,
2022-01-03T09:05:00.000000Z,2022-01-03,DEFAULT,TRADING,BUY,FUND,Vanguard FTSE All-World (Acc),IE00EXAMPLE01,2.003817,104.8,-210.0,-0.0,,EUR,,,,,40184985-3fe9-4a92-126b-3bbdb783719f,,,,
2022-01-03T09:05:00.000000Z,2022-01-03,DEFAULT,TRADING,BUY,FUND,iShares MSCI EM (Acc),IE00EXAMPLE02,1.627339,36.87,-60.0,-0.0,,EUR,,,,,01c8aa0d-f799-847c-1d65-5e69164ec24a,,,,
2022-01-03T09:05:00.000000Z,2022-01-03,DEFAULT,TRADING,BUY,FUND,Xetra-Gold,IE00EXAMPLE03,0.58548,51.24,-30.0,-0.0,,EUR,,,,,10df8ce9-23c0-0549-56bd-84f8824c8f3f,,,,
2022-02-01T08:00:00.000000Z,2022-02-01,DEFAULT,CASH,CUSTOMER_INBOUND,,Sample User,,,,300.0,,,EUR,,,,Deposit,0f98351f-7c12-58e4-40cf-6b50a5f4dd97,,,,
2022-02-02T09:05:00.000000Z,2022-02-02,DEFAULT,TRADING,BUY,FUND,Xetra-Gold,IE00EXAMPLE03,0.58292,51.465,-30.0,-0.0,,EUR,,,,,5b9275f8-8336-852c-5e97-07208acd3aba,,,,
2022-02-02T09:05:00.000000Z,2022-02-02,DEFAULT,TRADING,BUY,FUND,iShares MSCI EM (Acc),IE00EXAMPLE02,1.640913,36.565,-60.0,-0.0,,EUR,,,,,19923fa1-3561-6dbb-66ed-8d6eeea1da8d,,,,
2022-02-02T09:05:00.000000Z,2022-02-02,DEFAULT,TRADING,BUY,FUND,Vanguard FTSE All-World (Acc),IE00EXAMPLE01,2.081681,100.88,-210.0,-0.0,,EUR,,,,,58dd976b-f6b8-65bf-4a62-076fe21273d7,,,,
2022-02-15T10:00:00.000000Z,2022-02-15,DEFAULT,CASH,DIVIDEND,STOCK,Apple,US0EXAMPLE04,7.710301,,1.64,,,EUR,1.85,USD,1.1306,,10c6801a-69b8-db08-0fd7-2a25b787ef01,,,,
2022-03-01T08:00:00.000000Z,2022-03-01,DEFAULT,CASH,CUSTOMER_INBOUND,,Sample User,,,,300.0,,,EUR,,,,Deposit,76ba5ea2-c89c-b424-32e3-d79e0a59eef7,,,,
2022-03-02T09:05:00.000000Z,2022-03-02,DEFAULT,TRADING,BUY,FUND,Vanguard FTSE All-World (Acc),IE00EXAMPLE01,2.138493,98.2,-210.0,-0.0,,EUR,,,,,26857c9a-7c8f-368f-3e89-ec0810ec7a20,,,,
2022-03-02T09:05:00.000000Z,2022-03-02,DEFAULT,TRADING,BUY,FUND,iShares MSCI EM (Acc),IE00EXAMPLE02,1.703578,35.22,-60.0,-0.0,,EUR,,,,,54d8bc09-c112-5a51-7a51-dce628288d62,,,,
2022-03-02T09:05:00.000000Z,2022-03-02,DEFAULT,TRADING,BUY,FUND,Xetra-Gold,IE00EXAMPLE03,0.540541,55.5,-30.0,-0.0,,EUR,,,,,24aa451c-42b0-df85-7660-1f637aea99cf,,,,
2022-04-01T08:00:00.000000Z,2022-04-01,DEFAULT,CASH,CUSTOMER_INBOUND,,Sample User,,,,300.0,,,EUR,,,,Deposit,032e9887-3fe4-a1a2-4710-babd4c686705,,,,
2022-04-04T09:05:00.000000Z,2022-04-04,DEFAULT,TRADING,BUY,FUND,Xetra-Gold,IE00EXAMPLE03,0.530833,56.515,-30.0,-0.0,,EUR,,,,,7bad7cbf-80d5-5a7f-4c4b-1f54953e8471,,,,
2022-04-04T09:05:00.000000Z,2022-04-04,DEFAULT,TRADING,BUY,FUND,iShares MSCI EM (Acc),IE00EXAMPLE02,1.671076,35.905,-60.0,-0.0,,EUR,,,,,11f6a5dd-dc95-d60c-35a5-89bb5fd98a08,,,,
2022-04-04T09:05:00.000000Z,2022-04-04,DEFAULT,TRADING,BUY,FUND,Vanguard FTSE All-World (Acc),IE00EXAMPLE01,2.042802,102.8,-210.0,-0.0,,EUR,,,,,512618b1-92f8-7e72-0d8e-0bceeb9f1fad,,,,
2022-05-01T08:00:00.000000Z,2022-05-01,DEFAULT,CASH,CUSTOMER_INBOUND,,Sample User,,,,300.0,,,EUR,,,,Deposit,776d4e0f-973a-59d5-66f5-4c695e817389,,,,
2022-05-02T09:05:00.000000Z,2022-05-02,DEFAULT,TRADING,BUY,FUND,Vanguard FTSE All-World (Acc),IE00EXAMPLE01,2.157165,97.35,-210.0,-0.0,,EUR,,,,,3bd3290a-b74e-64dd-6473-20f2d130c7e5,,,,
2022-05-02T09:05:00.000000Z,2022-05-02,DEFAULT,TRADING,BUY,FUND,iShares MSCI EM (Acc),IE00EXAMPLE02,1.762891,34.035,-60.0,-0.0,,EUR,,,,,024879c9-ec69-d369-0df8-6e3454ef9434,,,,
2022-05-02T09:05:00.000000Z,2022-05-02,DEFAULT,TRADING,BUY,FUND,Xetra-Gold,IE00EXAMPLE03,0.525808,57.055,-30.0,-0.0,,EUR,,,,,6a2ab783-a4da-f2a3-65fe-1a33a010d0cf,,,,
2022-05-15T10:00:00.000000Z,2022-05-15,DEFAULT,CASH,DIVIDEND,STOCK,Apple,US0EXAMPLE04,7.710301,,1.78,,,EUR,1.85,USD,1.038,,1dc72bfd-3b43-d6f3-43f0-4208aac88389,,,,
2022-06-01T08:00:00.000000Z,2022-06-01,DEFAULT,CASH,CUSTOMER_INBOUND,,Sample User,,,,300.0,,,EUR,,,,Deposit,4d91ed29-61f0-57ab-6f12-11edf773e101,,,,
2022-06-02T09:05:00.000000Z,2022-06-02,DEFAULT,TRADING,BUY,FUND,Vanguard FTSE All-World (Acc),IE00EXAMPLE01,2.182498,96.22,-210.0,-0.0,,EUR,,,,,4d329d86-606d-e377-34cf-252aa519fed0,,,,
2022-06-02T09:05:00.000000Z,2022-06-02,DEFAULT,TRADING,BUY,FUND,iShares MSCI EM (Acc),IE00EXAMPLE02,1.765225,33.99,-60.0,-0.0,,EUR,,,,,2fe54342-8f37-ed93-3683-4de07696a479,,,,
2022-06-02T09:05:00.000000Z,2022-06-02,DEFAULT,TRADING,BUY,FUND,Xetra-Gold,IE00EXAMPLE03,0.535906,55.98,-30.0,-0.0,,EUR,,,,,537279d1-0e8e-aa83-6f09-eeda7b36f6d7,,,,
2022-06-20T14:30:00.000000Z,2022-06-20,DEFAULT,TRADING,BUY,STOCK,Microsoft,US0EXAMPLE05,2.541833,236.0501,-601.0,-1.0,,EUR,,,,,3a194b04-2314-efed-1fb9-34f0c3f85967,,,,
2022-07-01T08:00:00.000000Z,2022-07-01,DEFAULT,CASH,CUSTOMER_INBOUND,,Sample User,,,,300.0,,,EUR,,,,Deposit,1e4af3ca-a264-7fb9-5f7d-655bff4e70a2,,,,
2022-07-04T09:05:00.000000Z,2022-07-04,DEFAULT,TRADING,BUY,FUND,Vanguard FTSE All-World (Acc),IE00EXAMPLE01,2.299354,91.33,-210.0,-0.0,,EUR,,,,,68855342-eba1-2e7f-0d79-c08afac5367f,,,,
2022-07-04T09:05:00.000000Z,2022-07-04,DEFAULT,TRADING,BUY,FUND,iShares MSCI EM (Acc),IE00EXAMPLE02,1.833461,32.725,-60.0,-0.0,,EUR,,,,,08850028-f0d9-54e8-4c16-66fcbcda9884,,,,
2022-07-04T09:05:00.000000Z,2022-07-04,DEFAULT,TRADING,BUY,FUND,Xetra-Gold,IE00EXAMPLE03,0.538165,55.745,-30.0,-0.0,,EUR,,,,,12b5ce0b-adce-645f-698e-98a0189d547b,,,,
2022-08-01T08:00:00.000000Z,2022-08-01,DEFAULT,CASH,CUSTOMER_INBOUND,,Sample User,,,,300.0,,,EUR,,,,Deposit,27b90bed-a8cb-f1e1-126a-653f7630b8c6,,,,
2022-08-02T09:05:00.000000Z,2022-08-02,DEFAULT,TRADING,BUY,FUND,iShares MSCI EM (Acc),IE00EXAMPLE02,1.805326,33.235,-60.0,-0.0,,EUR,,,,,2471b529-13f3-3fb2-13a9-9a8e49e8c186,,,,
2022-08-02T09:05:00.000000Z,2022-08-02,DEFAULT,TRADING,BUY,FUND,Xetra-Gold,IE00EXAMPLE03,0.534426,56.135,-30.0,-0.0,,EUR,,,,,0ec860df-3a52-ffbc-02b4-fa6b452807b6,,,,
2022-08-02T09:05:00.000000Z,2022-08-02,DEFAULT,TRADING,BUY,FUND,Vanguard FTSE All-World (Acc),IE00EXAMPLE01,2.123786,98.88,-210.0,-0.0,,EUR,,,,,75e25c45-f527-7764-1530-24bbcc9d9a31,,,,
2022-08-15T10:00:00.000000Z,2022-08-15,DEFAULT,CASH,DIVIDEND,STOCK,Apple,US0EXAMPLE04,7.710301,,1.8,,,EUR,1.85,USD,1.0256,,0717325f-5ac1-b287-165a-a6d718efec06,,,,
2022-08-15T10:00:00.000000Z,2022-08-15,DEFAULT,CASH,DIVIDEND,STOCK,Microsoft,US0EXAMPLE05,2.541833,,1.86,,,EUR,1.91,USD,1.0256,,06d5381b-6a5e-03ae-4baa-99beb6f1fb08,,,,
2022-09-01T08:00:00.000000Z,2022-09-01,DEFAULT,CASH,CUSTOMER_INBOUND,,Sample User,,,,300.0,,,EUR,,,,Deposit,5721a753-420c-246b-3262-7b9966cc061c,,,,
2022-09-02T09:05:00.000000Z,2022-09-02,DEFAULT,TRADING,BUY,FUND,Vanguard FTSE All-World (Acc),IE00EXAMPLE01,2.147678,97.78,-210.0,-0.0,,EUR,,,,,28b3eea8-ea03-0b08-4094-50d3fe01903b,,,,
2022-09-02T09:05:00.000000Z,2022-09-02,DEFAULT,TRADING,BUY,FUND,iShares MSCI EM (Acc),IE00EXAMPLE02,1.787843,33.56,-60.0,-0.0,,EUR,,,,,70002975-5e35-af65-6cf1-e192e5759893,,,,
2022-09-02T09:05:00.000000Z,2022-09-02,DEFAULT,TRADING,BUY,FUND,Xetra-Gold,IE00EXAMPLE03,0.545951,54.95,-30.0,-0.0,,EUR,,,,,05909740-c4ac-7a14-173b-5702bf1d5c80,,,,
2022-10-01T08:00:00.000000Z,2022-10-01,DEFAULT,CASH,CUSTOMER_INBOUND,,Sample User,,,,300.0,,,EUR,,,,Deposit,1e4da7eb-71ce-927d-1feb-ee9d1d316464,,,,
2022-10-03T09:05:00.000000Z,2022-10-03,DEFAULT,TRADING,BUY,FUND,Vanguard FTSE All-World (Acc),IE00EXAMPLE01,2.300361,91.29,-210.0,-0.0,,EUR,,,,,491e26ca-d23f-9c79-3548-165079739e25,,,,
2022-10-03T09:05:00.000000Z,2022-10-03,DEFAULT,TRADING,BUY,FUND,iShares MSCI EM (Acc),IE00EXAMPLE02,1.938924,30.945,-60.0,-0.0,,EUR,,,,,064df581-2421-b0db-2fd2-968d00e7dd05,,,,
2022-10-03T09:05:00.000000Z,2022-10-03,DEFAULT,TRADING,BUY,FUND,Xetra-Gold,IE00EXAMPLE03,0.54338,55.21,-30.0,-0.0,,EUR,,,,,430a562c-f681-2f34-0d03-95bcf25fc4b3,,,,
2022-11-01T08:00:00.000000Z,2022-11-01,DEFAULT,CASH,CUSTOMER_INBOUND,,Sample User,,,,300.0,,,EUR,,,,Deposit,6aaec517-8bf1-f151-06a6-afba8da9b908,,,,
2022-11-02T09:05:00.000000Z,2022-11-02,DEFAULT,TRADING,BUY,FUND,Vanguard FTSE All-World (Acc),IE00EXAMPLE01,2.227644,94.27,-210.0,-0.0,,EUR,,,,,766137e6-b3b9-4f27-0caf-bd4ad83db6e8,,,,
2022-11-02T09:05:00.000000Z,2022-11-02,DEFAULT,TRADING,BUY,FUND,iShares MSCI EM (Acc),IE00EXAMPLE02,1.979871,30.305,-60.0,-0.0,,EUR,,,,,6bfa4396-6b27-1c2a-738a-2362667d3961,,,,
2022-11-02T09:05:00.000000Z,2022-11-02,DEFAULT,TRADING,BUY,FUND,Xetra-Gold,IE00EXAMPLE03,0.559232,53.645,-30.0,-0.0,,EUR,,,,,7d629272-9eb4-52b0-66a8-c8b7290c93a2,,,,
2022-11-15T10:00:00.000000Z,2022-11-15,DEFAULT,CASH,DIVIDEND,STOCK,Microsoft,US0EXAMPLE05,2.541833,,1.85,,,EUR,1.91,USD,1.0319,,63b6270d-4ee2-65ab-1139-01bb5e98f5b2,,,,
2022-11-15T10:00:00.000000Z,2022-11-15,DEFAULT,CASH,DIVIDEND,STOCK,Apple,US0EXAMPLE04,7.710301,,1.79,,,EUR,1.85,USD,1.0319,,63c5eb88-ca28-9e21-523c-e459505c6302,,,,
2022-12-01T08:00:00.000000Z,2022-12-01,DEFAULT,CASH,CUSTOMER_INBOUND,,Sample User,,,,300.0,,,EUR,,,,Deposit,449de09d-69bc-2a92-41d2-0e15295acc31,,,,
2022-12-02T09:05:00.000000Z,2022-12-02,DEFAULT,TRADING,BUY,FUND,iShares MSCI EM (Acc),IE00EXAMPLE02,1.865382,32.165,-60.0,-0.0,,EUR,,,,,314a9cd3-e45e-a0fb-51dd-3592d7d4453e,,,,
2022-12-02T09:05:00.000000Z,2022-12-02,DEFAULT,TRADING,BUY,FUND,Vanguard FTSE All-World (Acc),IE00EXAMPLE01,2.183406,96.18,-210.0,-0.0,,EUR,,,,,6dc4ec8c-7bc6-1d4c-3b3d-0275eab6a1ff,,,,
2022-12-02T09:05:00.000000Z,2022-12-02,DEFAULT,TRADING,BUY,FUND,Xetra-Gold,IE00EXAMPLE03,0.546697,54.875,-30.0,-0.0,,EUR,,,,,221b7851-1ff9-676a-11e3-ee6907d335fd,,,,
2023-01-01T08:00:00.000000Z,2023-01-01,DEFAULT,CASH,CUSTOMER_INBOUND,,Sample User,,,,300.0,,,EUR,,,,Deposit,3d2b151f-b780-d0e5-355c-a17e1522ad18,,,,
2023-01-02T09:05:00.000000Z,2023-01-02,DEFAULT,TRADING,BUY,FUND,Vanguard FTSE All-World (Acc),IE00EXAMPLE01,2.275929,92.27,-210.0,-0.0,,EUR,,,,,1dc4da10-4d55-b05f-2f0a-a082ab4b58c7,,,,
2023-01-02T09:05:00.000000Z,2023-01-02,DEFAULT,TRADING,BUY,FUND,iShares MSCI EM (Acc),IE00EXAMPLE02,1.930191,31.085,-60.0,-0.0,,EUR,,,,,2ee5f2a2-c0a5-9b15-29eb-5fe95e543385,,,,
2023-01-02T09:05:00.000000Z,2023-01-02,DEFAULT,TRADING,BUY,FUND,Xetra-Gold,IE00EXAMPLE03,0.544662,55.08,-30.0,-0.0,,EUR,,,,,3092476a-3789-edcd-57c6-701d1769c8e7,,,,
2023-01-10T14:30:00.000000Z,2023-01-10,DEFAULT,TRADING,BUY,STOCK,Apple,US0EXAMPLE04,3.284078,121.7998,-401.0,-1.0,,EUR,,,,,26000c5e-9e23-1993-7974-2d31e578e568,,,,
2023-02-01T08:00:00.000000Z,2023-02-01,DEFAULT,CASH,CUSTOMER_INBOUND,,Sample User,,,,300.0,,,EUR,,,,Deposit,754ae453-d5de-3050-3d8e-7910ed561e61,,,,
2023-02-02T09:05:00.000000Z,2023-02-02,DEFAULT,TRADING,BUY,FUND,Vanguard FTSE All-World (Acc),IE00EXAMPLE01,2.162051,97.13,-210.0,-0.0,,EUR,,,,,2a07bd6e-6298-de57-4489-208fbaf19141,,,,
2023-02-02T09:05:00.000000Z,2023-02-02,DEFAULT,TRADING,BUY,FUND,iShares MSCI EM (Acc),IE00EXAMPLE02,1.805869,33.225,-60.0,-0.0,,EUR,,,,,6c9da14d-faf1-6f69-5387-fb62be9fd75e,,,,
2023-02-02T09:05:00.000000Z,2023-02-02,DEFAULT,TRADING,BUY,FUND,Xetra-Gold,IE00EXAMPLE03,0.530926,56.505,-30.0,-0.0,,EUR,,,,,66f64fb9-19e6-d159-4430-3e58c6c9f2a2,,,,
2023-02-15T10:00:00.000000Z,2023-02-15,DEFAULT,CASH,DIVIDEND,STOCK,Microsoft,US0EXAMPLE05,2.541833,,1.78,,,EUR,1.91,USD,1.0736,,5e10faa9-169e-ba22-19e8-64ca047fb3d9,,,,
2023-02-15T10:00:00.000000Z,2023-02-15,DEFAULT,CASH,DIVIDEND,STOCK,Apple,US0EXAMPLE04,10.994379,,2.46,,,EUR,2.64,USD,1.0736,,510371e3-6215-941d-24e2-487d894699ec,,,,
2023-03-01T08:00:00.000000Z,2023-03-01,DEFAULT,CASH,CUSTOMER_INBOUND,,Sample User,,,,300.0,,,EUR,,,,Deposit,58ef2524-4c79-1436-6e2c-0adcc06c4b80,,,,
2023-03-02T09:05:00.000000Z,2023-03-02,DEFAULT,TRADING,BUY,FUND,Vanguard FTSE All-World (Acc),IE00EXAMPLE01,2.214256,94.84,-210.0,-0.0,,EUR,,,,,10e8beea-f59f-d42a-4ea3-fece79ebe22d,,,,
2023-03-02T09:05:00.000000Z,2023-03-02,DEFAULT,TRADING,BUY,FUND,iShares MSCI EM (Acc),IE00EXAMPLE02,1.863354,32.2,-60.0,-0.0,,EUR,,,,,0c2c18f4-516f-a119-5ce4-3feccf997f6b,,,,
2023-03-02T09:05:00.000000Z,2023-03-02,DEFAULT,TRADING,BUY,FUND,Xetra-Gold,IE00EXAMPLE03,0.538358,55.725,-30.0,-0.0,,EUR,,,,,0ad0ac7d-ca57-5d1f-77cc-e048c2f91dfe,,,,
2023-04-01T08:00:00.000000Z,2023-04-01,DEFAULT,CASH,CUSTOMER_INBOUND,,Sample User,,,,300.0,,,EUR,,,,Deposit,11969542-dc98-e989-7abc-96807adf43cf,,,,
2023-04-03T09:05:00.000000Z,2023-04-03,DEFAULT,TRADING,BUY,FUND,Vanguard FTSE All-World (Acc),IE00EXAMPLE01,2.198723,95.51,-210.0,-0.0,,EUR,,,,,66835f68-15ae-c0ac-4bfd-c59cb40f4e5f,,,,
2023-04-03T09:05:00.000000Z,2023-04-03,DEFAULT,TRADING,BUY,FUND,iShares MSCI EM (Acc),IE00EXAMPLE02,1.897233,31.625,-60.0,-0.0,,EUR,,,,,642d06d3-38fb-dd71-65c6-52b2ff928cdb,,,,
2023-04-03T09:05:00.000000Z,2023-04-03,DEFAULT,TRADING,BUY,FUND,Xetra-Gold,IE00EXAMPLE03,0.510812,58.73,-30.0,-0.0,,EUR,,,,,79176a2f-f737-2dd1-206e-dda10b889328,,,,
2023-05-01T08:00:00.000000Z,2023-05-01,DEFAULT,CASH,CUSTOMER_INBOUND,,Sample User,,,,300.0,,,EUR,,,,Deposit,4b879b60-5c65-cbcb-0c2a-9275866b3093,,,,
2023-05-02T09:05:00.000000Z,2023-05-02,DEFAULT,TRADING,BUY,FUND,Vanguard FTSE All-World (Acc),IE00EXAMPLE01,2.22387,94.43,-210.0,-0.0,,EUR,,,,,4ede8485-42a1-4c01-15ec-df9a9577d3d0,,,,
2023-05-02T09:05:00.000000Z,2023-05-02,DEFAULT,TRADING,BUY,FUND,iShares MSCI EM (Acc),IE00EXAMPLE02,1.957586,30.65,-60.0,-0.0,,EUR,,,,,48504d38-108e-3869-4945-67308101591d,,,,
2023-05-02T09:05:00.000000Z,2023-05-02,DEFAULT,TRADING,BUY,FUND,Xetra-Gold,IE00EXAMPLE03,0.509468,58.885,-30.0,-0.0,,EUR,,,,,3ba566c8-3ceb-3afd-42e5-9917d6f2864a,,,,
2023-05-15T10:00:00.000000Z,2023-05-15,DEFAULT,CASH,DIVIDEND,STOCK,Apple,US0EXAMPLE04,10.994379,,2.43,,,EUR,2.64,USD,1.0853,,61c83ddc-5d26-df08-664d-a69f75c66b1d,,,,
2023-05-15T10:00:00.000000Z,2023-05-15,DEFAULT,CASH,DIVIDEND,STOCK,Microsoft,US0EXAMPLE05,2.541833,,1.76,,,EUR,1.91,USD,1.0853,,3efee066-c244-324d-4cbf-7a571e2bb2f5,,,,
2023-06-01T08:00:00.000000Z,2023-06-01,DEFAULT,CASH,CUSTOMER_INBOUND,,Sample User,,,,300.0,,,EUR,,,,Deposit,7732bfbc-91cf-30af-0f53-6e236c2a6907,,,,
2023-06-02T09:05:00.000000Z,2023-06-02,DEFAULT,TRADING,BUY,FUND,Vanguard FTSE All-World (Acc),IE00EXAMPLE01,2.103155,99.85,-210.0,-0.0,,EUR,,,,,0efd3fe8-e49a-33cb-0b3a-0c84dc511b64,,,,
2023-06-02T09:05:00.000000Z,2023-06-02,DEFAULT,TRADING,BUY,FUND,iShares MSCI EM (Acc),IE00EXAMPLE02,1.859888,32.26,-60.0,-0.0,,EUR,,,,,5434dd37-3e7d-1f36-3594-f4f0dd49ac71,,,,
2023-06-02T09:05:00.000000Z,2023-06-02,DEFAULT,TRADING,BUY,FUND,Xetra-Gold,IE00EXAMPLE03,0.510031,58.82,-30.0,-0.0,,EUR,,,,,631cf6d3-75f7-c1fb-55ea-e9341aa86b68,,,,
2023-07-01T08:00:00.000000Z,2023-07-01,DEFAULT,CASH,CUSTOMER_INBOUND,,Sample User,,,,300.0,,,EUR,,,,Deposit,2ab4a45e-5d82-2844-72fd-acce5e7e5d2a,,,,
2023-07-03T09:05:00.000000Z,2023-07-03,DEFAULT,TRADING,BUY,FUND,Vanguard FTSE All-World (Acc),IE00EXAMPLE01,2.07305,101.3,-210.0,-0.0,,EUR,,,,,619aa744-e897-336e-22a0-e391d1373648,,,,
2023-07-03T09:05:00.000000Z,2023-07-03,DEFAULT,TRADING,BUY,FUND,iShares MSCI EM (Acc),IE00EXAMPLE02,1.855574,32.335,-60.0,-0.0,,EUR,,,,,2e9dd812-e5c9-dd96-283f-91bbc41f0681,,,,
2023-07-03T09:05:00.000000Z,2023-07-03,DEFAULT,TRADING,BUY,FUND,Xetra-Gold,IE00EXAMPLE03,0.528216,56.795,-30.0,-0.0,,EUR,,,,,142c9e56-2810-f186-12ea-90c7fb0bcd64,,,,
2023-08-01T08:00:00.000000Z,2023-08-01,DEFAULT,CASH,CUSTOMER_INBOUND,,Sample User,,,,300.0,,,EUR,,,,Deposit,77d30654-0b0a-8761-380d-3d4f470aabe4,,,,
2023-08-02T09:05:00.000000Z,2023-08-02,DEFAULT,TRADING,BUY,FUND,Vanguard FTSE All-World (Acc),IE00EXAMPLE01,2.053187,102.28,-210.0,-0.0,,EUR,,,,,31109fbb-5e66-1dd7-5d66-575f905fbc50,,,,
2023-08-02T09:05:00.000000Z,2023-08-02,DEFAULT,TRADING,BUY,FUND,iShares MSCI EM (Acc),IE00EXAMPLE02,1.83711,32.66,-60.0,-0.0,,EUR,,,,,46c87a0d-1687-26cf-77d3-6f61f97affca,,,,
2023-08-02T09:05:00.000000Z,2023-08-02,DEFAULT,TRADING,BUY,FUND,Xetra-Gold,IE00EXAMPLE03,0.527426,56.88,-30.0,-0.0,,EUR,,,,,63e0eb5a-ae2e-2310-3d5b-fb5c4e6c291a,,,,
2023-08-15T10:00:00.000000Z,2023-08-15,DEFAULT,CASH,DIVIDEND,STOCK,Apple,US0EXAMPLE04,10.994379,,2.42,,,EUR,2.64,USD,1.091,,302c8c17-11e9-2a1d-7e49-f14553720d3c,,,,
2023-08-15T10:00:00.000000Z,2023-08-15,DEFAULT,CASH,DIVIDEND,STOCK,Microsoft,US0EXAMPLE05,2.541833,,1.75,,,EUR,1.91,USD,1.091,,5bdf9142-00a0-4124-79c0-bf226c54c434,,,,
2023-09-01T08:00:00.000000Z,2023-09-01,DEFAULT,CASH,CUSTOMER_INBOUND,,Sample User,,,,300.0,,,EUR,,,,Deposit,0f2a4e57-363f-3306-6cde-49a022af0d7b,,,,
2023-09-04T09:05:00.000000Z,2023-09-04,DEFAULT,TRADING,BUY,FUND,Vanguard FTSE All-World (Acc),IE00EXAMPLE01,2.034095,103.24,-210.0,-0.0,,EUR,,,,,518ba314-7060-2be5-0f9b-212a8fb5f5e1,,,,
2023-09-04T09:05:00.000000Z,2023-09-04,DEFAULT,TRADING,BUY,FUND,iShares MSCI EM (Acc),IE00EXAMPLE02,1.842752,32.56,-60.0,-0.0,,EUR,,,,,4b4c09c3-bd34-be6b-57d2-01750424fb96,,,,
2023-09-04T09:05:00.000000Z,2023-09-04,DEFAULT,TRADING,BUY,FUND,Xetra-Gold,IE00EXAMPLE03,0.519706,57.725,-30.0,-0.0,,EUR,,,,,01932268-c5b2-8120-3a27-174a0c3f2962,,,,
2023-10-01T08:00:00.000000Z,2023-10-01,DEFAULT,CASH,CUSTOMER_INBOUND,,Sample User,,,,300.0,,,EUR,,,,Deposit,69a6b0f1-5c7d-adf7-25ce-53153734e3ff,,,,
2023-10-02T09:05:00.000000Z,2023-10-02,DEFAULT,TRADING,BUY,FUND,Vanguard FTSE All-World (Acc),IE00EXAMPLE01,2.078385,101.04,-210.0,-0.0,,EUR,,,,,3ab1b41b-7bf1-97f0-389d-bfd3285eb0bb,,,,
2023-10-02T09:05:00.000000Z,2023-10-02,DEFAULT,TRADING,BUY,FUND,iShares MSCI EM (Acc),IE00EXAMPLE02,1.886496,31.805,-60.0,-0.0,,EUR,,,,,26a58e88-018c-381d-758f-810841fdb03e,,,,
2023-10-02T09:05:00.000000Z,2023-10-02,DEFAULT,TRADING,BUY,FUND,Xetra-Gold,IE00EXAMPLE03,0.534616,56.115,-30.0,-0.0,,EUR,,,,,64017165-5e7e-3120-0e27-c2d445bf56c4,,,,
2023-11-01T08:00:00.000000Z,2023-11-01,DEFAULT,CASH,CUSTOMER_INBOUND,,Sample User,,,,300.0,,,EUR,,,,Deposit,7f9ed4e8-3209-e0ef-7089-a05b85a76546,,,,
2023-11-02T09:05:00.000000Z,2023-11-02,DEFAULT,TRADING,BUY,FUND,Xetra-Gold,IE00EXAMPLE03,0.499709,60.035,-30.0,-0.0,,EUR,,,,,5535284d-8311-55e0-5337-4be81179a30a,,,,
2023-11-02T09:05:00.000000Z,2023-11-02,DEFAULT,TRADING,BUY,FUND,iShares MSCI EM (Acc),IE00EXAMPLE02,1.915403,31.325,-60.0,-0.0,,EUR,,,,,0d9f27bc-8588-3410-7fe2-a9ef55374887,,,,
2023-11-02T09:05:00.000000Z,2023-11-02,DEFAULT,TRADING,BUY,FUND,Vanguard FTSE All-World (Acc),IE00EXAMPLE01,2.096227,100.18,-210.0,-0.0,,EUR,,,,,24571c97-d79d-8dce-6b1f-6d57e3952209,,,,
2023-11-06T14:30:00.000000Z,2023-11-06,DEFAULT,TRADING,BUY,CRYPTO,Bitcoin,XXEXAMPLE0006,0.009177,32688.9902,-300.99,-1.0,,EUR,,,,,0b938fce-4fc8-c81d-72d1-fd8bd722192e,,,,
2023-11-15T10:00:00.000000Z,2023-11-15,DEFAULT,CASH,DIVIDEND,STOCK,Apple,US0EXAMPLE04,10.994379,,2.43,,,EUR,2.64,USD,1.0878,,03b64176-ee85-526c-1ed3-742c9f7a318d,,,,
2023-11-15T10:00:00.000000Z,2023-11-15,DEFAULT,CASH,DIVIDEND,STOCK,Microsoft,US0EXAMPLE05,2.541833,,1.76,,,EUR,1.91,USD,1.0878,,124e8a72-3a05-7baa-636d-21c2ed5b3b15,,,,
2023-12-01T08:00:00.000000Z,2023-12-01,DEFAULT,CASH,CUSTOMER_INBOUND,,Sample User,,,,300.0,,,EUR,,,,Deposit,195ec190-e778-0136-748f-cb1e01dd83b4,,,,
2023-12-04T09:05:00.000000Z,2023-12-04,DEFAULT,TRADING,BUY,FUND,Vanguard FTSE All-World (Acc),IE00EXAMPLE01,2.016904,104.12,-210.0,-0.0,,EUR,,,,,54009fb6-a4fa-f363-04a0-facd74686a95,,,,
2023-12-04T09:05:00.000000Z,2023-12-04,DEFAULT,TRADING,BUY,FUND,iShares MSCI EM (Acc),IE00EXAMPLE02,1.875,32.0,-60.0,-0.0,,EUR,,,,,00b1ecc0-00b3-59f8-069c-ba0414027b5f,,,,
2023-12-04T09:05:00.000000Z,2023-12-04,DEFAULT,TRADING,BUY,FUND,Xetra-Gold,IE00EXAMPLE03,0.49334,60.81,-30.0,-0.0,,EUR,,,,,4d8ef4ca-e8f5-21ee-6696-f4bafd722bfd,,,,
2024-01-01T08:00:00.000000Z,2024-01-01,DEFAULT,CASH,CUSTOMER_INBOUND,,Sample User,,,,300.0,,,EUR,,,,Deposit,1e88e619-7b49-bdc7-6cb9-6dd0a4d69dfb,,,,
2024-01-02T09:05:00.000000Z,2024-01-02,DEFAULT,TRADING,BUY,FUND,Xetra-Gold,IE00EXAMPLE03,0.49509,60.595,-30.0,-0.0,,EUR,,,,,595c0597-ec4d-eb56-6b42-ef90e8ef3258,,,,
2024-01-02T09:05:00.000000Z,2024-01-02,DEFAULT,TRADING,BUY,FUND,Vanguard FTSE All-World (Acc),IE00EXAMPLE01,1.961883,107.04,-210.0,-0.0,,EUR,,,,,0753604f-9f58-51bc-6685-fbca55a60e55,,,,
2024-01-02T09:05:00.000000Z,2024-01-02,DEFAULT,TRADING,BUY,FUND,iShares MSCI EM (Acc),IE00EXAMPLE02,1.830384,32.78,-60.0,-0.0,,EUR,,,,,76c2002a-fbed-da89-62d4-72b18f63b721,,,,
2024-02-01T08:00:00.000000Z,2024-02-01,DEFAULT,CASH,CUSTOMER_INBOUND,,Sample User,,,,300.0,,,EUR,,,,Deposit,0523ad83-3928-8e80-19d3-ff073a6493ab,,,,
2024-02-02T09:05:00.000000Z,2024-02-02,DEFAULT,TRADING,BUY,FUND,Vanguard FTSE All-World (Acc),IE00EXAMPLE01,1.886115,111.34,-210.0,-0.0,,EUR,,,,,0ffd7fc6-8e8e-af75-4094-78b359438cf8,,,,
2024-02-02T09:05:00.000000Z,2024-02-02,DEFAULT,TRADING,BUY,FUND,iShares MSCI EM (Acc),IE00EXAMPLE02,1.859888,32.26,-60.0,-0.0,,EUR,,,,,5f625318-4519-6f36-50a4-3a66462da36c,,,,
2024-02-02T09:05:00.000000Z,2024-02-02,DEFAULT,TRADING,BUY,FUND,Xetra-Gold,IE00EXAMPLE03,0.495376,60.56,-30.0,-0.0,,EUR,,,,,6cf1dd27-0b02-d99c-13de-04f33971a5f2,,,,
2024-02-15T10:00:00.000000Z,2024-02-15,DEFAULT,CASH,DIVIDEND,STOCK,Apple,US0EXAMPLE04,10.994379,,2.46,,,EUR,2.64,USD,1.0732,,5e08105e-681b-25cb-18b5-956506c98dc7,,,,
2024-02-15T10:00:00.000000Z,2024-02-15,DEFAULT,CASH,DIVIDEND,STOCK,Microsoft,US0EXAMPLE05,2.541833,,1.78,,,EUR,1.91,USD,1.0732,,22a83907-0204-13e6-5ade-28390ccc2826,,,,
2024-03-01T08:00:00.000000Z,2024-03-01,DEFAULT,CASH,CUSTOMER_INBOUND,,Sample User,,,,300.0,,,EUR,,,,Deposit,7d7759b3-42e3-0561-4e47-0f95dfed20c1,,,,
2024-03-04T09:05:00.000000Z,2024-03-04,DEFAULT,TRADING,BUY,FUND,Vanguard FTSE All-World (Acc),IE00EXAMPLE01,1.82704,114.94,-210.0,-0.0,,EUR,,,,,06f9ddc7-4131-2e14-4ee3-365b08fc5aa1,,,,
2024-03-04T09:05:00.000000Z,2024-03-04,DEFAULT,TRADING,BUY,FUND,iShares MSCI EM (Acc),IE00EXAMPLE02,1.785714,33.6,-60.0,-0.0,,EUR,,,,,056bbe2d-008f-7f36-712b-afc99c0ca3d2,,,,
2024-03-04T09:05:00.000000Z,2024-03-04,DEFAULT,TRADING,BUY,FUND,Xetra-Gold,IE00EXAMPLE03,0.478431,62.705,-30.0,-0.0,,EUR,,,,,5ad37614-3abe-38f8-1629-0da334ae1270,,,,
2024-03-18T15:10:00.000000Z,2024-03-18,DEFAULT,TRADING,SELL,STOCK,Apple,US0EXAMPLE04,3.298314,159.6313,525.51,-1.0,,EUR,,,,,0bbd8390-2f82-0e90-177e-044fe297a7a3,,,,
2024-04-01T08:00:00.000000Z,2024-04-01,DEFAULT,CASH,CUSTOMER_INBOUND,,Sample User,,,,300.0,,,EUR,,,,Deposit,7d7187d6-b02d-1dac-3ab2-1d794bc57398,,,,
2024-04-02T09:05:00.000000Z,2024-04-02,DEFAULT,TRADING,BUY,FUND,Vanguard FTSE All-World (Acc),IE00EXAMPLE01,1.787843,117.46,-210.0,-0.0,,EUR,,,,,645cc3b7-4581-7142-5175-d41c2092dbe2,,,,
2024-04-02T09:05:00.000000Z,2024-04-02,DEFAULT,TRADING,BUY,FUND,iShares MSCI EM (Acc),IE00EXAMPLE02,1.731602,34.65,-60.0,-0.0,,EUR,,,,,4944d587-6fb4-5b06-1293-a0d0b928396a,,,,
2024-04-02T09:05:00.000000Z,2024-04-02,DEFAULT,TRADING,BUY,FUND,Xetra-Gold,IE00EXAMPLE03,0.445964,67.27,-30.0,-0.0,,EUR,,,,,7917544c-9fc7-f36d-2692-6537c5480190,,,,
2024-05-01T08:00:00.000000Z,2024-05-01,DEFAULT,CASH,CUSTOMER_INBOUND,,Sample User,,,,300.0,,,EUR,,,,Deposit,49fc77d7-358d-17ef-5992-421644ce5851,,,,
2024-05-02T09:05:00.000000Z,2024-05-02,DEFAULT,TRADING,BUY,FUND,Xetra-Gold,IE00EXAMPLE03,0.434279,69.08,-30.0,-0.0,,EUR,,,,,33b7661f-586e-993d-3cb1-8f98f4f4a472,,,,
2024-05-02T09:05:00.000000Z,2024-05-02,DEFAULT,TRADING,BUY,FUND,Vanguard FTSE All-World (Acc),IE00EXAMPLE01,1.815353,115.68,-210.0,-0.0,,EUR,,,,,531a1270-a0f5-84cc-7865-65ca38a9a565,,,,
2024-05-02T09:05:00.000000Z,2024-05-02,DEFAULT,TRADING,BUY,FUND,iShares MSCI EM (Acc),IE00EXAMPLE02,1.697073,35.355,-60.0,-0.0,,EUR,,,,,13000c7f-9436-d061-4111-b3d93b179fdc,,,,
2024-05-15T10:00:00.000000Z,2024-05-15,DEFAULT,CASH,DIVIDEND,STOCK,Apple,US0EXAMPLE04,7.696065,,1.71,,,EUR,1.85,USD,1.0815,,0f428518-108e-1867-112a-031dfc989017,,,,
2024-05-15T10:00:00.000000Z,2024-05-15,DEFAULT,CASH,DIVIDEND,STOCK,Microsoft,US0EXAMPLE05,2.541833,,1.77,,,EUR,1.91,USD,1.0815,,2397fabf-7953-300b-2700-8f7a0bf4d572,,,,
2024-06-01T06:00:00.000000Z,2024-06-01,DEFAULT,CASH,INTEREST_PAYMENT,,,,,,3.67,,0.0,EUR,,,,Your interest payment,3cb06126-bd17-5c71-1ce0-3a2392ef3034,,,,
2024-06-01T11:00:00.000000Z,2024-06-01,DEFAULT,CASH,TRANSFER_DIRECT_DEBIT_INBOUND,,,,,,-750.0,,,EUR,,,,SEPA Direct Debit transfer to Example Immobilien GmbH (DE00EXAMPLE0000000000),486b36b0-ace9-4409-59db-351ccb7bc289,,,,
2024-06-03T09:05:00.000000Z,2024-06-03,DEFAULT,TRADING,BUY,FUND,Vanguard FTSE All-World (Acc),IE00EXAMPLE01,1.773349,118.42,-210.0,-0.0,,EUR,,,,,34b6382e-7c58-e31e-3453-014313a40afd,,,,
2024-06-03T09:05:00.000000Z,2024-06-03,DEFAULT,TRADING,BUY,FUND,iShares MSCI EM (Acc),IE00EXAMPLE02,1.711352,35.06,-60.0,-0.0,,EUR,,,,,1bdb4066-6b88-e2e6-4b4d-9e80797d81fb,,,,
2024-06-03T09:05:00.000000Z,2024-06-03,DEFAULT,TRADING,BUY,FUND,Xetra-Gold,IE00EXAMPLE03,0.433808,69.155,-30.0,-0.0,,EUR,,,,,2894cbec-cd00-5ae3-049d-9bd075d189c4,,,,
2024-06-03T11:00:00.000000Z,2024-06-03,DEFAULT,CASH,TRANSFER_DIRECT_DEBIT_INBOUND,,,,,,-29.9,,,EUR,,,,SEPA Direct Debit transfer to Example Fitness Club (DE00EXAMPLE0000000000),52eff9d2-4605-42c1-5382-ed284b27bc11,,,,
2024-06-03T13:49:00.000000Z,2024-06-03,DEFAULT,CASH,CARD_TRANSACTION,,COFFEE CORNER,,,,-3.18,,,EUR,,,,COFFEE CORNER,2fb4b5d7-870b-ffcd-063b-c064fa00eb34,,,,5814.0
2024-06-03T18:38:00.000000Z,2024-06-03,DEFAULT,CASH,CARD_TRANSACTION,,COFFEE CORNER,,,,-5.78,,,EUR,,,,COFFEE CORNER,66a9e525-452c-39bf-765c-9fcda20f7b33,,,,5814.0
2024-06-04T16:14:00.000000Z,2024-06-04,DEFAULT,CASH,CARD_TRANSACTION,,COFFEE CORNER,,,,-3.02,,,EUR,,,,COFFEE CORNER,41df5fd0-f9d1-e66c-56b1-5a7f21a93dbc,,,,5814.0
2024-06-04T19:59:00.000000Z,2024-06-04,DEFAULT,CASH,CARD_TRANSACTION,,COFFEE CORNER,,,,-5.32,,,EUR,,,,COFFEE CORNER,7d2c6231-a9a2-21e6-34ae-85be9ef6f550,,,,5814.0
2024-06-05T03:00:00.000000Z,2024-06-05,DEFAULT,CASH,CARD_TRANSACTION,,STREAMFLIX,,,,-12.99,,,EUR,,,,STREAMFLIX,53a3e560-4f58-9227-2652-311303338ad3,,,,4899.0
2024-06-05T03:00:00.000000Z,2024-06-05,DEFAULT,CASH,CARD_TRANSACTION,,MUSICBOX,,,,-10.99,,,EUR,,,,MUSICBOX,1ee5479b-6d63-fcb7-2947-6de2265c6d39,,,,5815.0
2024-06-05T18:45:00.000000Z,2024-06-05,DEFAULT,CASH,CARD_TRANSACTION,,CITY SUPERMARKET,,,,-37.16,,,EUR,,,,CITY SUPERMARKET,3c12e7ac-bd67-6762-1349-4083759f89d0,,,,5411.0
2024-06-07T13:50:00.000000Z,2024-06-07,DEFAULT,CASH,CARD_TRANSACTION,,CITY SUPERMARKET,,,,-69.37,,,EUR,,,,CITY SUPERMARKET,472a0197-7aa0-22e7-6b66-a30e99a958aa,,,,5411.0
2024-06-08T11:24:00.000000Z,2024-06-08,DEFAULT,CASH,CARD_TRANSACTION,,COFFEE CORNER,,,,-4.74,,,EUR,,,,COFFEE CORNER,6d3a65ef-63ca-477d-2643-c91a7386369c,,,,5814.0
2024-06-09T11:50:00.000000Z,2024-06-09,DEFAULT,CASH,CARD_TRANSACTION,,CITY SUPERMARKET,,,,-48.98,,,EUR,,,,CITY SUPERMARKET,531750ea-4730-ae95-55c9-3863b4123f8a,,,,5411.0
2024-06-10T10:14:00.000000Z,2024-06-10,DEFAULT,CASH,CARD_TRANSACTION,,CITY SUPERMARKET,,,,-14.59,,,EUR,,,,CITY SUPERMARKET,1dce1a8a-50e8-62d3-2562-333c18a5d758,,,,5411.0
2024-06-11T08:40:00.000000Z,2024-06-11,DEFAULT,CASH,CARD_TRANSACTION,,CITY SUPERMARKET,,,,-42.46,,,EUR,,,,CITY SUPERMARKET,14f5cd80-3bbd-b266-153c-6faddb129ae4,,,,5411.0
2024-06-11T09:06:00.000000Z,2024-06-11,DEFAULT,CASH,CARD_TRANSACTION,,TECH WORLD,,,,-44.78,,,EUR,,,,TECH WORLD,19da72f8-ace9-4117-0242-f87a4703ff6b,,,,5732.0
2024-06-11T13:25:00.000000Z,2024-06-11,DEFAULT,CASH,CARD_TRANSACTION,,FUEL STATION,,,,-73.57,,,EUR,,,,FUEL STATION,604053db-7b2d-c4a1-453a-ca4fc065f2f9,,,,5541.0
2024-06-11T16:26:00.000000Z,2024-06-11,DEFAULT,CASH,CARD_TRANSACTION,,TRATTORIA ROMA,,,,-29.38,,,EUR,,,,TRATTORIA ROMA,4c9ae68e-923a-5cd5-00ef-ae1b4883dba4,,,,5812.0
2024-06-12T09:55:00.000000Z,2024-06-12,DEFAULT,CASH,CARD_TRANSACTION,,COFFEE CORNER,,,,-6.57,,,EUR,,,,COFFEE CORNER,63094782-5419-726e-6ec7-47b9010a3b92,,,,5814.0
2024-06-12T10:00:00.000000Z,2024-06-12,DEFAULT,CASH,CARD_TRANSACTION,,TRATTORIA ROMA,,,,-25.09,,,EUR,,,,TRATTORIA ROMA,032d6785-a12c-628f-76b7-0638cdd1a3c1,,,,5812.0
2024-06-14T09:59:00.000000Z,2024-06-14,DEFAULT,CASH,CARD_TRANSACTION,,COFFEE CORNER,,,,-4.44,,,EUR,,,,COFFEE CORNER,5deba275-6925-ee63-5fff-75e7fc349158,,,,5814.0
2024-06-15T18:03:00.000000Z,2024-06-15,DEFAULT,CASH,CARD_TRANSACTION,,CITY SUPERMARKET,,,,-28.28,,,EUR,,,,CITY SUPERMARKET,2ac4c5ee-485b-9709-1624-ae963e685e8f,,,,5411.0
2024-06-16T12:30:00.000000Z,2024-06-16,DEFAULT,CASH,CARD_TRANSACTION,,CITY SUPERMARKET,,,,-69.74,,,EUR,,,,CITY SUPERMARKET,62d45544-b98b-cb72-27cd-9635b6550da3,,,,5411.0
2024-06-16T17:41:00.000000Z,2024-06-16,DEFAULT,CASH,CARD_TRANSACTION,,CORNER BAKERY,,,,-6.03,,,EUR,,,,CORNER BAKERY,746c353a-b726-93a1-4b26-e095a7099a9f,,,,5462.0
2024-06-16T17:48:00.000000Z,2024-06-16,DEFAULT,CASH,CARD_TRANSACTION,,COFFEE CORNER,,,,-5.77,,,EUR,,,,COFFEE CORNER,53b9a0b4-7b13-2f1a-7c22-e6d8b55b2465,,,,5814.0
2024-06-16T18:23:00.000000Z,2024-06-16,DEFAULT,CASH,CARD_TRANSACTION,,CITY SUPERMARKET,,,,-18.72,,,EUR,,,,CITY SUPERMARKET,09393bf0-0729-4824-6bc6-6efc6f2bae3b,,,,5411.0
2024-06-17T12:53:00.000000Z,2024-06-17,DEFAULT,CASH,CARD_TRANSACTION,,SKYLINE AIRLINES,,,,-196.5,,,EUR,,,,SKYLINE AIRLINES,5f044649-fdf3-75f8-4b9d-86819b99ad1f,,,,4511.0
2024-06-20T12:00:00.000000Z,2024-06-20,DEFAULT,CASH,CARD_TRANSACTION,,COFFEE CORNER,,,,-3.2,,,EUR,,,,COFFEE CORNER,637ffac7-410c-07db-3eae-7b2bfb4bee86,,,,5814.0
2024-06-21T12:26:00.000000Z,2024-06-21,DEFAULT,CASH,CARD_TRANSACTION,,METRO TRANSIT,,,,-10.27,,,EUR,,,,METRO TRANSIT,7fd6d29f-c44c-5f62-25ef-311f51b1e003,,,,4111.0
2024-06-21T17:44:00.000000Z,2024-06-21,DEFAULT,CASH,CARD_TRANSACTION,,COFFEE CORNER,,,,-7.0,,,EUR,,,,COFFEE CORNER,0644715e-30df-6c07-1e05-3f7074335c8a,,,,5814.0
2024-06-22T09:34:00.000000Z,2024-06-22,DEFAULT,CASH,CARD_TRANSACTION,,CITY PHARMACY,,,,-29.94,,,EUR,,,,CITY PHARMACY,59b6780c-6d86-b6e3-4c2f-ef31de0a9feb,,,,5912.0
2024-06-22T12:03:00.000000Z,2024-06-22,DEFAULT,CASH,CARD_TRANSACTION,,CITY SUPERMARKET,,,,-12.85,,,EUR,,,,CITY SUPERMARKET,69e0d19b-37e4-e6fe-6da3-5d9a5a639bcf,,,,5411.0
2024-06-23T13:22:00.000000Z,2024-06-23,DEFAULT,CASH,CARD_TRANSACTION,,CITY SUPERMARKET,,,,-20.91,,,EUR,,,,CITY SUPERMARKET,4ce856a7-1ea5-5b93-0f51-6e28d58febc2,,,,5411.0
2024-06-25T20:39:00.000000Z,2024-06-25,DEFAULT,CASH,CARD_TRANSACTION,,CITY SUPERMARKET,,,,-38.0,,,EUR,,,,CITY SUPERMARKET,323fd29f-ebe5-b1fd-0a3f-0e0faa0f536b,,,,5411.0
2024-06-26T14:01:00.000000Z,2024-06-26,DEFAULT,CASH,CARD_TRANSACTION,,COFFEE CORNER,,,,-5.01,,,EUR,,,,COFFEE CORNER,72a429ee-5993-9df3-55f7-6894ce288f7f,,,,5814.0
2024-06-26T14:06:00.000000Z,2024-06-26,DEFAULT,CASH,CARD_TRANSACTION,,TRATTORIA ROMA,,,,-32.75,,,EUR,,,,TRATTORIA ROMA,756b5223-7fc5-3719-50bf-1c60d0826820,,,,5812.0
2024-06-26T17:32:00.000000Z,2024-06-26,DEFAULT,CASH,CARD_TRANSACTION,,CORNER BAKERY,,,,-5.03,,,EUR,,,,CORNER BAKERY,6c17e23b-7737-ed04-3dc4-ef9b2a61b708,,,,5462.0
2024-06-26T17:35:00.000000Z,2024-06-26,DEFAULT,CASH,CARD_TRANSACTION,,COFFEE CORNER,,,,-4.98,,,EUR,,,,COFFEE CORNER,232d779e-8ea9-aeb9-717a-b7dbc65b6de1,,,,5814.0
2024-06-27T07:00:00.000000Z,2024-06-27,DEFAULT,CASH,TRANSFER_INBOUND,,,,,,2566.17,,,EUR,,,,Incoming transfer from Example Employer GmbH,4e34d706-648d-e602-513b-86e4334ce381,,,,
2024-06-28T10:29:00.000000Z,2024-06-28,DEFAULT,CASH,CARD_TRANSACTION,,CITY SUPERMARKET,,,,-46.01,,,EUR,,,,CITY SUPERMARKET,3f24203c-dc93-3af4-0ac4-4a9181c7b6a5,,,,5411.0
2024-06-29T18:41:00.000000Z,2024-06-29,DEFAULT,CASH,CARD_TRANSACTION,,CITY SUPERMARKET,,,,-52.91,,,EUR,,,,CITY SUPERMARKET,31a4cbf2-6064-d6fb-5208-a386f67baf0e,,,,5411.0
2024-07-01T06:00:00.000000Z,2024-07-01,DEFAULT,CASH,INTEREST_PAYMENT,,,,,,4.7,,0.0,EUR,,,,Your interest payment,6846128f-a0b9-8d00-7386-e37255f6bbeb,,,,
2024-07-01T09:30:00.000000Z,2024-07-01,DEFAULT,CASH,CARD_TRANSACTION,,CITY SUPERMARKET,,,,-40.39,,,EUR,,,,CITY SUPERMARKET,2aa2d458-03be-64ee-3735-b94ab47f4a3f,,,,5411.0
2024-07-01T11:00:00.000000Z,2024-07-01,DEFAULT,CASH,TRANSFER_DIRECT_DEBIT_INBOUND,,,,,,-29.9,,,EUR,,,,SEPA Direct Debit transfer to Example Fitness Club (DE00EXAMPLE0000000000),0d0ade24-a8e3-b955-5392-f3c636acbae1,,,,
2024-07-01T11:44:00.000000Z,2024-07-01,DEFAULT,CASH,CARD_TRANSACTION,,TRATTORIA ROMA,,,,-29.73,,,EUR,,,,TRATTORIA ROMA,71ec2856-8fe5-0765-4c02-a3af92efb252,,,,5812.0
2024-07-02T09:05:00.000000Z,2024-07-02,DEFAULT,TRADING,BUY,FUND,iShares MSCI EM (Acc),IE00EXAMPLE02,1.651982,36.32,-60.0,-0.0,,EUR,,,,,64545931-cae1-d487-381d-0a79d144a845,,,,
2024-07-02T09:05:00.000000Z,2024-07-02,DEFAULT,TRADING,BUY,FUND,Xetra-Gold,IE00EXAMPLE03,0.430293,69.72,-30.0,-0.0,,EUR,,,,,3cf5ffde-6e34-2b0d-7f52-630c7997742f,,,,
2024-07-02T09:05:00.000000Z,2024-07-02,DEFAULT,TRADING,BUY,FUND,Vanguard FTSE All-World (Acc),IE00EXAMPLE01,1.711213,122.72,-210.0,-0.0,,EUR,,,,,47dee26d-07c2-a011-655f-6affa013b824,,,,
2024-07-02T18:21:00.000000Z,2024-07-02,DEFAULT,CASH,CARD_TRANSACTION,,CITY PHARMACY,,,,-15.2,,,EUR,,,,CITY PHARMACY,0c0a8cd2-7840-b190-71e0-42f9e2d80177,,,,5912.0
2024-07-02T19:41:00.000000Z,2024-07-02,DEFAULT,CASH,CARD_TRANSACTION,,CITY SUPERMARKET,,,,-24.01,,,EUR,,,,CITY SUPERMARKET,26aa47fa-7d12-fc31-3272-b6a5bec919b9,,,,5411.0
2024-07-04T11:00:00.000000Z,2024-07-04,DEFAULT,CASH,TRANSFER_DIRECT_DEBIT_INBOUND,,,,,,-750.0,,,EUR,,,,SEPA Direct Debit transfer to Example Immobilien GmbH (DE00EXAMPLE0000000000),64cfbe66-a22d-53b9-17b3-f4ef3c31ff99,,,,
2024-07-05T03:00:00.000000Z,2024-07-05,DEFAULT,CASH,CARD_TRANSACTION,,MUSICBOX,,,,-10.99,,,EUR,,,,MUSICBOX,422db1cd-b4dd-3692-5ef0-90370b5ce32e,,,,5815.0
2024-07-05T03:00:00.000000Z,2024-07-05,DEFAULT,CASH,CARD_TRANSACTION,,STREAMFLIX,,,,-12.99,,,EUR,,,,STREAMFLIX,706e49d2-527c-d61f-3084-cc7852ac7017,,,,4899.0
2024-07-08T13:09:00.000000Z,2024-07-08,DEFAULT,CASH,CARD_TRANSACTION,,CITY SUPERMARKET,,,,-18.5,,,EUR,,,,CITY SUPERMARKET,6e6f11b8-b517-79a3-0028-67ad94cf11a9,,,,5411.0
2024-07-08T15:41:00.000000Z,2024-07-08,DEFAULT,CASH,CARD_TRANSACTION,,CORNER BAKERY,,,,-3.03,,,EUR,,,,CORNER BAKERY,6d3b35df-a3ec-e422-4f3f-4b5244419158,,,,5462.0
2024-07-10T09:01:00.000000Z,2024-07-10,DEFAULT,CASH,CARD_TRANSACTION,,CORNER BAKERY,,,,-3.06,,,EUR,,,,CORNER BAKERY,181aef39-7769-0040-0401-19206884f77e,,,,5462.0
2024-07-10T14:24:00.000000Z,2024-07-10,DEFAULT,CASH,CARD_TRANSACTION,,TRATTORIA ROMA,,,,-29.75,,,EUR,,,,TRATTORIA ROMA,09ff74b0-e961-1b1b-03d1-a030ee521038,,,,5812.0
2024-07-13T14:09:00.000000Z,2024-07-13,DEFAULT,CASH,CARD_TRANSACTION,,COFFEE CORNER,,,,-4.37,,,EUR,,,,COFFEE CORNER,06776ded-dc5d-c9d5-4c1a-ca99b93d3ec8,,,,5814.0
2024-07-17T16:11:00.000000Z,2024-07-17,DEFAULT,CASH,CARD_TRANSACTION,,FUEL STATION,,,,-70.06,,,EUR,,,,FUEL STATION,74cf82e8-7de4-511d-1b27-a5709f33aac9,,,,5541.0
2024-07-18T08:14:00.000000Z,2024-07-18,DEFAULT,CASH,CARD_TRANSACTION,,CITY SUPERMARKET,,,,-15.8,,,EUR,,,,CITY SUPERMARKET,3a414d2c-7e07-68b8-420f-2a4221c5b0c2,,,,5411.0
2024-07-18T17:34:00.000000Z,2024-07-18,DEFAULT,CASH,CARD_TRANSACTION,,METRO TRANSIT,,,,-9.83,,,EUR,,,,METRO TRANSIT,7de09c59-dbda-c5b8-35aa-b7b5132c2394,,,,4111.0
2024-07-18T18:28:00.000000Z,2024-07-18,DEFAULT,CASH,CARD_TRANSACTION,,CITY SUPERMARKET,,,,-27.1,,,EUR,,,,CITY SUPERMARKET,29475de4-9d50-785b-1f09-ad99cc79b2f1,,,,5411.0
2024-07-20T08:35:00.000000Z,2024-07-20,DEFAULT,CASH,CARD_TRANSACTION,,METRO TRANSIT,,,,-5.08,,,EUR,,,,METRO TRANSIT,6fdb940b-6c77-541c-2078-141beb655c30,,,,4111.0
2024-07-20T15:11:00.000000Z,2024-07-20,DEFAULT,CASH,CARD_TRANSACTION,,METRO TRANSIT,,,,-6.57,,,EUR,,,,METRO TRANSIT,56bc46f5-6036-7e14-5ce6-04f6c42e0844,,,,4111.0
2024-07-23T12:23:00.000000Z,2024-07-23,DEFAULT,CASH,CARD_TRANSACTION,,TRATTORIA ROMA,,,,-24.12,,,EUR,,,,TRATTORIA ROMA,5cd2ce9b-545f-3fc4-5aa2-bbcdec30c774,,,,5812.0
2024-07-23T18:08:00.000000Z,2024-07-23,DEFAULT,CASH,CARD_TRANSACTION,,TRATTORIA ROMA,,,,-47.57,,,EUR,,,,TRATTORIA ROMA,4ce4d95b-8e75-b605-1bb1-8b1da5f1d74c,,,,5812.0
2024-07-25T12:02:00.000000Z,2024-07-25,DEFAULT,CASH,CARD_TRANSACTION,,CITY SUPERMARKET,,,,-18.47,,,EUR,,,,CITY SUPERMARKET,31377080-515a-248c-07bf-65726385ae67,,,,5411.0
2024-07-25T14:07:00.000000Z,2024-07-25,DEFAULT,CASH,CARD_TRANSACTION,,COFFEE CORNER,,,,-3.02,,,EUR,,,,COFFEE CORNER,021f4975-764b-1287-7f1d-6544c6d47259,,,,5814.0
2024-07-27T07:00:00.000000Z,2024-07-27,DEFAULT,CASH,TRANSFER_INBOUND,,,,,,2613.97,,,EUR,,,,Incoming transfer from Example Employer GmbH,6fe9887a-ac6b-0170-2441-6f7d80324c39,,,,
2024-07-27T13:09:00.000000Z,2024-07-27,DEFAULT,CASH,CARD_TRANSACTION,,CORNER BAKERY,,,,-7.64,,,EUR,,,,CORNER BAKERY,6d80bf30-ff62-2b9d-208b-b4b1a543db01,,,,5462.0
2024-07-27T14:27:00.000000Z,2024-07-27,DEFAULT,CASH,CARD_TRANSACTION,,CORNER BAKERY,,,,-7.27,,,EUR,,,,CORNER BAKERY,134213b9-987e-6501-0610-5a154d429639,,,,5462.0
2024-07-29T09:06:00.000000Z,2024-07-29,DEFAULT,CASH,CARD_TRANSACTION,,CORNER BAKERY,,,,-6.72,,,EUR,,,,CORNER BAKERY,1eee0615-3cdd-401e-48db-f0c28b5fc366,,,,5462.0
2024-07-31T15:35:00.000000Z,2024-07-31,DEFAULT,CASH,CARD_TRANSACTION,,COFFEE CORNER,,,,-3.63,,,EUR,,,,COFFEE CORNER,72dacc69-494d-f735-70b0-4d3a8ba9421b,,,,5814.0
2024-08-01T06:00:00.000000Z,2024-08-01,DEFAULT,CASH,INTEREST_PAYMENT,,,,,,3.58,,0.0,EUR,,,,Your interest payment,28d95558-d036-5b09-4deb-3ab42c8e3b7f,,,,
2024-08-01T19:36:00.000000Z,2024-08-01,DEFAULT,CASH,CARD_TRANSACTION,,METRO TRANSIT,,,,-7.19,,,EUR,,,,METRO TRANSIT,3341fc84-fc47-f537-4414-d7ebc3aa30b5,,,,4111.0
2024-08-01T20:43:00.000000Z,2024-08-01,DEFAULT,CASH,CARD_TRANSACTION,,CITY SUPERMARKET,,,,-17.74,,,EUR,,,,CITY SUPERMARKET,6072d667-bc87-53e3-70c5-ca12cac7664e,,,,5411.0
2024-08-02T09:05:00.000000Z,2024-08-02,DEFAULT,TRADING,BUY,FUND,Vanguard FTSE All-World (Acc),IE00EXAMPLE01,1.78693,117.52,-210.0,-0.0,,EUR,,,,,0d640709-b8e1-91b2-73b5-659463abb2c7,,,,
2024-08-02T09:05:00.000000Z,2024-08-02,DEFAULT,TRADING,BUY,FUND,iShares MSCI EM (Acc),IE00EXAMPLE02,1.724881,34.785,-60.0,-0.0,,EUR,,,,,6ecb14ba-5988-e48f-6628-0e88ee3bc8ed,,,,
2024-08-02T09:05:00.000000Z,2024-08-02,DEFAULT,TRADING,BUY,FUND,Xetra-Gold,IE00EXAMPLE03,0.419992,71.43,-30.0,-0.0,,EUR,,,,,0cc84b2c-c05e-6382-1a29-b163806a5b6a,,,,
2024-08-02T14:27:00.000000Z,2024-08-02,DEFAULT,CASH,CARD_TRANSACTION,,CITY SUPERMARKET,,,,-14.62,,,EUR,,,,CITY SUPERMARKET,3da1821c-0119-34a6-7acb-67018b7fea1e,,,,5411.0
2024-08-02T17:38:00.000000Z,2024-08-02,DEFAULT,CASH,CARD_TRANSACTION,,FASHION STORE,,,,-45.14,,,EUR,,,,FASHION STORE,763e881d-9af6-3e01-3810-0b1643f8aede,,,,5651.0
2024-08-03T11:00:00.000000Z,2024-08-03,DEFAULT,CASH,TRANSFER_DIRECT_DEBIT_INBOUND,,,,,,-750.0,,,EUR,,,,SEPA Direct Debit transfer to Example Immobilien GmbH (DE00EXAMPLE0000000000),345eb2e3-b13d-0df5-4d06-f488014df926,,,,
2024-08-03T11:00:00.000000Z,2024-08-03,DEFAULT,CASH,TRANSFER_DIRECT_DEBIT_INBOUND,,,,,,-29.9,,,EUR,,,,SEPA Direct Debit transfer to Example Fitness Club (DE00EXAMPLE0000000000),77ba93a3-c9b3-538c-3bdb-a2cc408c3b89,,,,
2024-08-05T03:00:00.000000Z,2024-08-05,DEFAULT,CASH,CARD_TRANSACTION,,MUSICBOX,,,,-10.99,,,EUR,,,,MUSICBOX,5cf3786f-34fb-e3ad-3b05-4e5e5c1ab245,,,,5815.0
2024-08-05T03:00:00.000000Z,2024-08-05,DEFAULT,CASH,CARD_TRANSACTION,,STREAMFLIX,,,,-12.99,,,EUR,,,,STREAMFLIX,75ff42d6-939b-3748-28da-1eb952e691d3,,,,4899.0
2024-08-05T11:18:00.000000Z,2024-08-05,DEFAULT,CASH,CARD_TRANSACTION,,CITY SUPERMARKET,,,,-62.85,,,EUR,,,,CITY SUPERMARKET,73690010-e2e6-fc1d-7e06-581a8d78001f,,,,5411.0
2024-08-05T18:57:00.000000Z,2024-08-05,DEFAULT,CASH,CARD_TRANSACTION,,METRO TRANSIT,,,,-4.47,,,EUR,,,,METRO TRANSIT,46f71f1f-afb1-4132-1a96-7a9cfadaf9ce,,,,4111.0
2024-08-06T11:52:00.000000Z,2024-08-06,DEFAULT,CASH,CARD_TRANSACTION,,METRO TRANSIT,,,,-4.07,,,EUR,,,,METRO TRANSIT,755b49e3-141a-f708-2927-fe3980367241,,,,4111.0
2024-08-06T11:52:00.000000Z,2024-08-06,DEFAULT,CASH,CARD_TRANSACTION,,COFFEE CORNER,,,,-7.26,,,EUR,,,,COFFEE CORNER,6ff21403-c982-e739-2b6e-e8775fa02ab2,,,,5814.0
2024-08-08T12:16:00.000000Z,2024-08-08,DEFAULT,CASH,CARD_TRANSACTION,,CITY SUPERMARKET,,,,-23.72,,,EUR,,,,CITY SUPERMARKET,17c72f48-fce1-edf9-42d1-4c913d4b80ed,,,,5411.0
2024-08-09T11:39:00.000000Z,2024-08-09,DEFAULT,CASH,CARD_TRANSACTION,,CITY SUPERMARKET,,,,-40.74,,,EUR,,,,CITY SUPERMARKET,0e2b286a-f11a-37e9-204f-d5161df4bf88,,,,5411.0
2024-08-12T14:30:00.000000Z,2024-08-12,DEFAULT,TRADING,BUY,STOCK,Microsoft,US0EXAMPLE05,1.34139,372.7478,-501.0,-1.0,,EUR,,,,,5f2e4bf8-b72b-d05b-02f6-412eba57e2d3,,,,
2024-08-15T10:00:00.000000Z,2024-08-15,DEFAULT,CASH,DIVIDEND,STOCK,Microsoft,US0EXAMPLE05,3.883223,,2.64,,,EUR,2.91,USD,1.1013,,5c126edf-e709-c46d-719b-edeef733ce95,,,,
2024-08-15T10:00:00.000000Z,2024-08-15,DEFAULT,CASH,DIVIDEND,STOCK,Apple,US0EXAMPLE04,7.696065,,1.68,,,EUR,1.85,USD,1.1013,,7d573b98-9aec-9a6c-3046-46e1fe778462,,,,
2024-08-20T13:09:00.000000Z,2024-08-20,DEFAULT,CASH,CARD_TRANSACTION,,CORNER BAKERY,,,,-8.11,,,EUR,,,,CORNER BAKERY,4ac7fa80-2fff-e49a-5e18-b898c3135b98,,,,5462.0
2024-08-21T10:50:00.000000Z,2024-08-21,DEFAULT,CASH,CARD_TRANSACTION,,METRO TRANSIT,,,,-10.36,,,EUR,,,,METRO TRANSIT,5eed3a70-e890-7e80-3c00-4dfd2f78e2ec,,,,4111.0
2024-08-23T14:31:00.000000Z,2024-08-23,DEFAULT,CASH,CARD_TRANSACTION,,COFFEE CORNER,,,,-4.24,,,EUR,,,,COFFEE CORNER,1f557de4-2aa2-a3dc-14a3-f91f25e802a0,,,,5814.0
2024-08-24T10:50:00.000000Z,2024-08-24,DEFAULT,CASH,CARD_TRANSACTION,,COFFEE CORNER,,,,-3.9,,,EUR,,,,COFFEE CORNER,34efcb41-d349-fa2d-3994-fd5287de7815,,,,5814.0
2024-08-24T15:58:00.000000Z,2024-08-24,DEFAULT,CASH,CARD_TRANSACTION,,CITY SUPERMARKET,,,,-67.27,,,EUR,,,,CITY SUPERMARKET,093177c8-4b57-6dd9-11a3-37f5347ef57a,,,,5411.0
2024-08-25T19:03:00.000000Z,2024-08-25,DEFAULT,CASH,CARD_TRANSACTION,,FUEL STATION,,,,-56.04,,,EUR,,,,FUEL STATION,10840e91-e620-e91e-137f-710f378f3dae,,,,5541.0
2024-08-26T13:06:00.000000Z,2024-08-26,DEFAULT,CASH,CARD_TRANSACTION,,TRATTORIA ROMA,,,,-46.58,,,EUR,,,,TRATTORIA ROMA,1a78dd9c-8586-5a71-7884-5862cd3b0da5,,,,5812.0
2024-08-26T13:21:00.000000Z,2024-08-26,DEFAULT,CASH,CARD_TRANSACTION,,METRO TRANSIT,,,,-4.13,,,EUR,,,,METRO TRANSIT,79e35195-975c-400b-3db3-2f160b71ef33,,,,4111.0
2024-08-26T18:44:00.000000Z,2024-08-26,DEFAULT,CASH,CARD_TRANSACTION,,CORNER BAKERY,,,,-6.25,,,EUR,,,,CORNER BAKERY,1528ebe3-c2b0-02ac-206a-ace60a78db3c,,,,5462.0
2024-08-27T07:00:00.000000Z,2024-08-27,DEFAULT,CASH,TRANSFER_INBOUND,,,,,,2493.09,,,EUR,,,,Incoming transfer from Example Employer GmbH,6438099c-4458-3a3d-48f3-9763f9917079,,,,
2024-08-31T18:09:00.000000Z,2024-08-31,DEFAULT,CASH,CARD_TRANSACTION,,METRO TRANSIT,,,,-11.29,,,EUR,,,,METRO TRANSIT,2bb29248-d747-79c4-0669-e560c79242d1,,,,4111.0
2024-09-01T06:00:00.000000Z,2024-09-01,DEFAULT,CASH,INTEREST_PAYMENT,,,,,,3.8,,0.0,EUR,,,,Your interest payment,723d095f-a513-af6f-5ff3-80be5f8a2064,,,,
2024-09-01T09:03:00.000000Z,2024-09-01,DEFAULT,CASH,CARD_TRANSACTION,,COFFEE CORNER,,,,-7.12,,,EUR,,,,COFFEE CORNER,44fc0b36-46cd-e991-68db-8aa93a36aaaa,,,,5814.0
2024-09-01T12:26:00.000000Z,2024-09-01,DEFAULT,CASH,CARD_TRANSACTION,,CITY SUPERMARKET,,,,-66.28,,,EUR,,,,CITY SUPERMARKET,6d4f5c2b-6c74-b50f-293e-5cfaa9fff2c8,,,,5411.0
2024-09-01T17:59:00.000000Z,2024-09-01,DEFAULT,CASH,CARD_TRANSACTION,,CITY SUPERMARKET,,,,-56.23,,,EUR,,,,CITY SUPERMARKET,3d848d04-8d78-a47b-3a6d-0687d02839e4,,,,5411.0
2024-09-02T09:02:00.000000Z,2024-09-02,DEFAULT,CASH,CARD_TRANSACTION,,COFFEE CORNER,,,,-6.26,,,EUR,,,,COFFEE CORNER,695c3c66-5f94-ee7c-1581-0d432bcd5d81,,,,5814.0
2024-09-02T09:05:00.000000Z,2024-09-02,DEFAULT,TRADING,BUY,FUND,Vanguard FTSE All-World (Acc),IE00EXAMPLE01,1.698205,123.66,-210.0,-0.0,,EUR,,,,,799b9a19-4e94-e70d-2bde-0a67c345a6e2,,,,
2024-09-02T09:05:00.000000Z,2024-09-02,DEFAULT,TRADING,BUY,FUND,iShares MSCI EM (Acc),IE00EXAMPLE02,1.674341,35.835,-60.0,-0.0,,EUR,,,,,16afa724-c724-3a05-56cb-c9438b9be84e,,,,
2024-09-02T09:05:00.000000Z,2024-09-02,DEFAULT,TRADING,BUY,FUND,Xetra-Gold,IE00EXAMPLE03,0.412996,72.64,-30.0,-0.0,,EUR,,,,,6c49f9cb-fe3b-4304-0527-08d84ab56e5c,,,,
2024-09-02T11:00:00.000000Z,2024-09-02,DEFAULT,CASH,TRANSFER_DIRECT_DEBIT_INBOUND,,,,,,-750.0,,,EUR,,,,SEPA Direct Debit transfer to Example Immobilien GmbH (DE00EXAMPLE0000000000),44055e26-b9f7-90a7-547a-bd5de01f5fcd,,,,
2024-09-02T16:49:00.000000Z,2024-09-02,DEFAULT,CASH,CARD_TRANSACTION,,COFFEE CORNER,,,,-7.11,,,EUR,,,,COFFEE CORNER,35554fb9-77de-c300-2928-68aeb2849b3b,,,,5814.0
2024-09-04T11:00:00.000000Z,2024-09-04,DEFAULT,CASH,TRANSFER_DIRECT_DEBIT_INBOUND,,,,,,-29.9,,,EUR,,,,SEPA Direct Debit transfer to Example Fitness Club (DE00EXAMPLE0000000000),26b7ac81-960d-8062-7948-d8b62e3b5474,,,,
2024-09-05T03:00:00.000000Z,2024-09-05,DEFAULT,CASH,CARD_TRANSACTION,,STREAMFLIX,,,,-12.99,,,EUR,,,,STREAMFLIX,5e0b791c-203e-b6cd-4880-78cd80d3add6,,,,4899.0
2024-09-05T03:00:00.000000Z,2024-09-05,DEFAULT,CASH,CARD_TRANSACTION,,MUSICBOX,,,,-10.99,,,EUR,,,,MUSICBOX,46842db3-df7a-2de4-6a0d-d35cb1257000,,,,5815.0
2024-09-05T11:58:00.000000Z,2024-09-05,DEFAULT,CASH,CARD_TRANSACTION,,CORNER BAKERY,,,,-3.42,,,EUR,,,,CORNER BAKERY,11a9e713-f81f-03ba-6536-e6e4cb571a30,,,,5462.0
2024-09-06T13:12:00.000000Z,2024-09-06,DEFAULT,CASH,CARD_TRANSACTION,,COFFEE CORNER,,,,-6.36,,,EUR,,,,COFFEE CORNER,2d3a2b6a-61ac-edb0-64cb-9dc22970846e,,,,5814.0
2024-09-07T17:59:00.000000Z,2024-09-07,DEFAULT,CASH,CARD_TRANSACTION,,FUEL STATION,,,,-44.8,,,EUR,,,,FUEL STATION,53a73168-fe6e-38f2-396f-f7ef16fc1726,,,,5541.0
2024-09-08T11:28:00.000000Z,2024-09-08,DEFAULT,CASH,CARD_TRANSACTION,,CORNER BAKERY,,,,-6.98,,,EUR,,,,CORNER BAKERY,0e50ee34-39ee-85c2-6a90-51d1dafe02ee,,,,5462.0
2024-09-08T17:42:00.000000Z,2024-09-08,DEFAULT,CASH,CARD_TRANSACTION,,COFFEE CORNER,,,,-5.46,,,EUR,,,,COFFEE CORNER,724ed727-9c69-26c9-126b-99a3a23a8809,,,,5814.0
2024-09-09T08:30:00.000000Z,2024-09-09,DEFAULT,CASH,CARD_TRANSACTION,,COFFEE CORNER,,,,-3.0,,,EUR,,,,COFFEE CORNER,37d9396c-0b1c-f8bf-6326-e0166ce42ea7,,,,5814.0
2024-09-09T10:56:00.000000Z,2024-09-09,DEFAULT,CASH,CARD_TRANSACTION,,CORNER BAKERY,,,,-5.54,,,EUR,,,,CORNER BAKERY,4f514c5a-b356-a57b-7769-4af770599cac,,,,5462.0
2024-09-10T12:24:00.000000Z,2024-09-10,DEFAULT,CASH,CARD_TRANSACTION,,CITY PHARMACY,,,,-10.21,,,EUR,,,,CITY PHARMACY,6030d9d3-5307-da28-0f38-744bfb1d860b,,,,5912.0
2024-09-11T08:02:00.000000Z,2024-09-11,DEFAULT,CASH,CARD_TRANSACTION,,CORNER BAKERY,,,,-7.79,,,EUR,,,,CORNER BAKERY,6b6a0c9b-9130-d260-11b4-c4581e04d78b,,,,5462.0
2024-09-11T17:46:00.000000Z,2024-09-11,DEFAULT,CASH,CARD_TRANSACTION,,CORNER BAKERY,,,,-3.69,,,EUR,,,,CORNER BAKERY,31ed922a-0ec3-9dd9-7fd2-6fc439ad43c5,,,,5462.0
2024-09-14T16:32:00.000000Z,2024-09-14,DEFAULT,CASH,CARD_TRANSACTION,,CITY SUPERMARKET,,,,-35.2,,,EUR,,,,CITY SUPERMARKET,700386b9-d9b3-dec6-4e1b-eed27b318321,,,,5411.0
2024-09-15T13:54:00.000000Z,2024-09-15,DEFAULT,CASH,CARD_TRANSACTION,,CITY SUPERMARKET,,,,-65.58,,,EUR,,,,CITY SUPERMARKET,6bf2011b-2874-21ad-7d35-cd8377d1b505,,,,5411.0
2024-09-21T11:17:00.000000Z,2024-09-21,DEFAULT,CASH,CARD_TRANSACTION,,CITY SUPERMARKET,,,,-51.13,,,EUR,,,,CITY SUPERMARKET,74859799-f50a-b221-19ec-41175eeb1f09,,,,5411.0
2024-09-21T19:19:00.000000Z,2024-09-21,DEFAULT,CASH,CARD_TRANSACTION,,CITY SUPERMARKET,,,,-23.47,,,EUR,,,,CITY SUPERMARKET,639a773f-94c9-dde9-6e29-2311f84922d7,,,,5411.0
2024-09-22T12:37:00.000000Z,2024-09-22,DEFAULT,CASH,CARD_TRANSACTION,,CITY SUPERMARKET,,,,-30.59,,,EUR,,,,CITY SUPERMARKET,7cf1c66d-5be7-493b-3328-966cc27edb1b,,,,5411.0
2024-09-23T11:54:00.000000Z,2024-09-23,DEFAULT,CASH,CARD_TRANSACTION,,CITY SUPERMARKET,,,,-19.5,,,EUR,,,,CITY SUPERMARKET,233832ad-6f82-3ab3-11bf-6e376208c2fd,,,,5411.0
2024-09-23T17:14:00.000000Z,2024-09-23,DEFAULT,CASH,CARD_TRANSACTION,,CITY SUPERMARKET,,,,-49.4,,,EUR,,,,CITY SUPERMARKET,25087135-5120-3b2f-20ff-ddb02716bf58,,,,5411.0
2024-09-25T09:19:00.000000Z,2024-09-25,DEFAULT,CASH,CARD_TRANSACTION,,CITY SUPERMARKET,,,,-50.02,,,EUR,,,,CITY SUPERMARKET,54da39bb-5dd5-1b73-0287-b4f6270b4f70,,,,5411.0
2024-09-25T15:52:00.000000Z,2024-09-25,DEFAULT,CASH,CARD_TRANSACTION,,COFFEE CORNER,,,,-3.48,,,EUR,,,,COFFEE CORNER,13a6b96c-29b6-e0c3-4454-de9b2768252e,,,,5814.0
2024-09-26T15:42:00.000000Z,2024-09-26,DEFAULT,CASH,CARD_TRANSACTION,,CITY SUPERMARKET,,,,-48.67,,,EUR,,,,CITY SUPERMARKET,2ac42872-680f-c3a2-1f42-1c05e7921194,,,,5411.0
2024-09-26T15:44:00.000000Z,2024-09-26,DEFAULT,CASH,CARD_TRANSACTION,,METRO TRANSIT,,,,-5.32,,,EUR,,,,METRO TRANSIT,604c5059-a9e4-b05e-4088-ecac99c9b1f7,,,,4111.0
2024-09-27T07:00:00.000000Z,2024-09-27,DEFAULT,CASH,TRANSFER_INBOUND,,,,,,2583.51,,,EUR,,,,Incoming transfer from Example Employer GmbH,4cc2d144-5440-f9d1-3c84-2f6a89533806,,,,
2024-09-27T14:33:00.000000Z,2024-09-27,DEFAULT,CASH,CARD_TRANSACTION,,TRATTORIA ROMA,,,,-36.53,,,EUR,,,,TRATTORIA ROMA,57d42fb9-25c5-2646-538b-3d2a65f2dd0f,,,,5812.0
2024-09-29T15:32:00.000000Z,2024-09-29,DEFAULT,CASH,CARD_TRANSACTION,,CITY SUPERMARKET,,,,-67.27,,,EUR,,,,CITY SUPERMARKET,4e16763f-4a8b-69f2-20a7-580adf6d7513,,,,5411.0
2024-09-29T19:27:00.000000Z,2024-09-29,DEFAULT,CASH,CARD_TRANSACTION,,SKYLINE AIRLINES,,,,-128.58,,,EUR,,,,SKYLINE AIRLINES,53fa3a97-3c90-5bba-2500-b0d87929878f,,,,4511.0
2024-10-01T06:00:00.000000Z,2024-10-01,DEFAULT,CASH,INTEREST_PAYMENT,,,,,,4.24,,0.0,EUR,,,,Your interest payment,3153c982-9431-5652-22a6-3104e096a269,,,,
2024-10-01T11:00:00.000000Z,2024-10-01,DEFAULT,CASH,TRANSFER_DIRECT_DEBIT_INBOUND,,,,,,-750.0,,,EUR,,,,SEPA Direct Debit transfer to Example Immobilien GmbH (DE00EXAMPLE0000000000),42ce3975-90ee-6a6f-2849-b72b14cc80f4,,,,
2024-10-02T09:05:00.000000Z,2024-10-02,DEFAULT,TRADING,BUY,FUND,iShares MSCI EM (Acc),IE00EXAMPLE02,1.551791,38.665,-60.0,-0.0,,EUR,,,,,214dbb14-cf41-48b8-3596-85cda4ea16fa,,,,
2024-10-02T09:05:00.000000Z,2024-10-02,DEFAULT,TRADING,BUY,FUND,Xetra-Gold,IE00EXAMPLE03,0.388828,77.155,-30.0,-0.0,,EUR,,,,,61033490-2118-e4b1-69ce-67b68d49d2f6,,,,
2024-10-02T09:05:00.000000Z,2024-10-02,DEFAULT,TRADING,BUY,FUND,Vanguard FTSE All-World (Acc),IE00EXAMPLE01,1.664025,126.2,-210.0,-0.0,,EUR,,,,,4cffde0b-f729-a4b7-3e3b-8abc2f9ec0e6,,,,
2024-10-02T11:00:00.000000Z,2024-10-02,DEFAULT,CASH,TRANSFER_DIRECT_DEBIT_INBOUND,,,,,,-29.9,,,EUR,,,,SEPA Direct Debit transfer to Example Fitness Club (DE00EXAMPLE0000000000),569c8b96-d1d7-17db-0875-4898ec119927,,,,
2024-10-03T09:39:00.000000Z,2024-10-03,DEFAULT,CASH,CARD_TRANSACTION,,CORNER BAKERY,,,,-4.92,,,EUR,,,,CORNER BAKERY,2e2d5734-2c02-258f-0713-19cc9f453cde,,,,5462.0
2024-10-04T16:24:00.000000Z,2024-10-04,DEFAULT,CASH,CARD_TRANSACTION,,METRO TRANSIT,,,,-6.88,,,EUR,,,,METRO TRANSIT,510b084b-667c-7f1c-76a0-6121b0849c99,,,,4111.0
2024-10-04T16:31:00.000000Z,2024-10-04,DEFAULT,CASH,CARD_TRANSACTION,,COFFEE CORNER,,,,-7.98,,,EUR,,,,COFFEE CORNER,05a7879f-38a7-53f4-335c-a67d1ae03f73,,,,5814.0
2024-10-05T03:00:00.000000Z,2024-10-05,DEFAULT,CASH,CARD_TRANSACTION,,MUSICBOX,,,,-10.99,,,EUR,,,,MUSICBOX,76b87aaf-7c3e-8e43-4c77-6c86973a5010,,,,5815.0
2024-10-05T03:00:00.000000Z,2024-10-05,DEFAULT,CASH,CARD_TRANSACTION,,STREAMFLIX,,,,-12.99,,,EUR,,,,STREAMFLIX,20f33749-c426-bddb-69d4-4037c35a00b3,,,,4899.0
2024-10-07T10:58:00.000000Z,2024-10-07,DEFAULT,CASH,CARD_TRANSACTION,,METRO TRANSIT,,,,-10.8,,,EUR,,,,METRO TRANSIT,4b6f3422-83f9-8ab6-2de8-fd72c9e8665b,,,,4111.0
2024-10-11T10:28:00.000000Z,2024-10-11,DEFAULT,CASH,CARD_TRANSACTION,,CORNER BAKERY,,,,-4.17,,,EUR,,,,CORNER BAKERY,56fabdb4-a68c-92e5-1b67-604a83742e63,,,,5462.0
2024-10-14T11:09:00.000000Z,2024-10-14,DEFAULT,CASH,CARD_TRANSACTION,,FUEL STATION,,,,-65.31,,,EUR,,,,FUEL STATION,31cdebc9-7bf7-2912-1b76-03576e7f4221,,,,5541.0
2024-10-15T16:24:00.000000Z,2024-10-15,DEFAULT,CASH,CARD_TRANSACTION,,COFFEE CORNER,,,,-7.26,,,EUR,,,,COFFEE CORNER,608bf810-7b37-41ae-68ef-7f258d3caa6d,,,,5814.0
2024-10-16T18:23:00.000000Z,2024-10-16,DEFAULT,CASH,CARD_TRANSACTION,,METRO TRANSIT,,,,-8.26,,,EUR,,,,METRO TRANSIT,10640727-3c2e-851f-2919-557453c9a21a,,,,4111.0
2024-10-18T15:53:00.000000Z,2024-10-18,DEFAULT,CASH,CARD_TRANSACTION,,CITY SUPERMARKET,,,,-49.48,,,EUR,,,,CITY SUPERMARKET,1602cbfb-e39a-df47-71f4-2b646b7fb8a4,,,,5411.0
2024-10-19T19:05:00.000000Z,2024-10-19,DEFAULT,CASH,CARD_TRANSACTION,,CORNER BAKERY,,,,-4.24,,,EUR,,,,CORNER BAKERY,361c261a-0d65-32ac-168b-b32542be9d1b,,,,5462.0
2024-10-24T12:16:00.000000Z,2024-10-24,DEFAULT,CASH,CARD_TRANSACTION,,CITY PHARMACY,,,,-19.2,,,EUR,,,,CITY PHARMACY,3b1cd96d-311c-daa3-5452-081fa5469321,,,,5912.0
2024-10-25T20:19:00.000000Z,2024-10-25,DEFAULT,CASH,CARD_TRANSACTION,,METRO TRANSIT,,,,-7.44,,,EUR,,,,METRO TRANSIT,7c45f366-a517-91fc-30bb-d687fa6e7c58,,,,4111.0
2024-10-27T07:00:00.000000Z,2024-10-27,DEFAULT,CASH,TRANSFER_INBOUND,,,,,,2672.07,,,EUR,,,,Incoming transfer from Example Employer GmbH,0366e673-bb68-fedb-0654-ad5043e7f795,,,,
2024-10-27T20:36:00.000000Z,2024-10-27,DEFAULT,CASH,CARD_TRANSACTION,,TRATTORIA ROMA,,,,-25.6,,,EUR,,,,TRATTORIA ROMA,71b5f58b-e68b-37ce-76ff-50da842305c7,,,,5812.0
2024-11-01T06:00:00.000000Z,2024-11-01,DEFAULT,CASH,INTEREST_PAYMENT,,,,,,3.99,,0.0,EUR,,,,Your interest payment,3b9df097-19fe-8f20-00b3-57c3b9e0d734,,,,
2024-11-02T09:34:00.000000Z,2024-11-02,DEFAULT,CASH,CARD_TRANSACTION,,COFFEE CORNER,,,,-7.56,,,EUR,,,,COFFEE CORNER,44c396a0-2162-7c68-5020-6d00d47dd1a1,,,,5814.0
2024-11-02T11:33:00.000000Z,2024-11-02,DEFAULT,CASH,CARD_TRANSACTION,,COFFEE CORNER,,,,-3.77,,,EUR,,,,COFFEE CORNER,081b25c8-7769-eb98-18f9-d4c512fee99c,,,,5814.0
2024-11-02T18:13:00.000000Z,2024-11-02,DEFAULT,CASH,CARD_TRANSACTION,,COFFEE CORNER,,,,-5.58,,,EUR,,,,COFFEE CORNER,77d4a54c-5506-cf25-7d14-a6c06f810ccd,,,,5814.0
2024-11-03T11:00:00.000000Z,2024-11-03,DEFAULT,CASH,TRANSFER_DIRECT_DEBIT_INBOUND,,,,,,-750.0,,,EUR,,,,SEPA Direct Debit transfer to Example Immobilien GmbH (DE00EXAMPLE0000000000),2a54e771-77d7-e4e1-707b-5387f0b70c8d,,,,
2024-11-04T09:05:00.000000Z,2024-11-04,DEFAULT,TRADING,BUY,FUND,Vanguard FTSE All-World (Acc),IE00EXAMPLE01,1.662708,126.3,-210.0,-0.0,,EUR,,,,,323cf094-ec70-89f7-7642-5e4a8d4d5017,,,,
2024-11-04T09:05:00.000000Z,2024-11-04,DEFAULT,TRADING,BUY,FUND,iShares MSCI EM (Acc),IE00EXAMPLE02,1.599787,37.505,-60.0,-0.0,,EUR,,,,,4a1bef7e-f5ed-e599-0097-594afd4c6c08,,,,
2024-11-04T09:05:00.000000Z,2024-11-04,DEFAULT,TRADING,BUY,FUND,Xetra-Gold,IE00EXAMPLE03,0.371149,80.83,-30.0,-0.0,,EUR,,,,,04eef1b9-4eed-18db-5717-f6a2f7c4d47f,,,,
2024-11-04T09:23:00.000000Z,2024-11-04,DEFAULT,CASH,CARD_TRANSACTION,,CITY SUPERMARKET,,,,-39.94,,,EUR,,,,CITY SUPERMARKET,483e04f4-1f4a-4284-7db6-e78051ac73fb,,,,5411.0
2024-11-04T09:52:00.000000Z,2024-11-04,DEFAULT,CASH,CARD_TRANSACTION,,CITY SUPERMARKET,,,,-60.59,,,EUR,,,,CITY SUPERMARKET,24672014-08d1-c93b-26e2-cebe5a618b2f,,,,5411.0
2024-11-04T11:00:00.000000Z,2024-11-04,DEFAULT,CASH,TRANSFER_DIRECT_DEBIT_INBOUND,,,,,,-29.9,,,EUR,,,,SEPA Direct Debit transfer to Example Fitness Club (DE00EXAMPLE0000000000),2fc07307-7e83-5360-4854-7914ecea0343,,,,
2024-11-05T03:00:00.000000Z,2024-11-05,DEFAULT,CASH,CARD_TRANSACTION,,MUSICBOX,,,,-10.99,,,EUR,,,,MUSICBOX,5fa6896c-8e83-b6ed-7285-21f71cc023a8,,,,5815.0
2024-11-05T03:00:00.000000Z,2024-11-05,DEFAULT,CASH,CARD_TRANSACTION,,STREAMFLIX,,,,-12.99,,,EUR,,,,STREAMFLIX,196b3082-3183-d959-503b-cd10afdd3d95,,,,4899.0
2024-11-05T09:02:00.000000Z,2024-11-05,DEFAULT,CASH,CARD_TRANSACTION,,CITY SUPERMARKET,,,,-38.78,,,EUR,,,,CITY SUPERMARKET,42d91e06-fb03-bc48-1b6f-0c2d773b05e9,,,,5411.0
2024-11-06T10:24:00.000000Z,2024-11-06,DEFAULT,CASH,CARD_TRANSACTION,,CITY SUPERMARKET,,,,-58.92,,,EUR,,,,CITY SUPERMARKET,7cb9b346-351b-866e-0a55-889d9f61a60b,,,,5411.0
2024-11-12T11:18:00.000000Z,2024-11-12,DEFAULT,CASH,CARD_TRANSACTION,,CORNER BAKERY,,,,-4.14,,,EUR,,,,CORNER BAKERY,249d32af-41bb-a12f-7b70-94b29955f8c3,,,,5462.0
2024-11-12T16:19:00.000000Z,2024-11-12,DEFAULT,CASH,CARD_TRANSACTION,,COFFEE CORNER,,,,-6.27,,,EUR,,,,COFFEE CORNER,56200f5e-964c-1fef-37a6-351714bf7e4d,,,,5814.0
2024-11-12T17:04:00.000000Z,2024-11-12,DEFAULT,CASH,CARD_TRANSACTION,,COFFEE CORNER,,,,-6.9,,,EUR,,,,COFFEE CORNER,3918eaa3-5cbb-cfc5-7720-ab5898c8efbe,,,,5814.0
2024-11-14T09:34:00.000000Z,2024-11-14,DEFAULT,CASH,CARD_TRANSACTION,,CITY SUPERMARKET,,,,-31.96,,,EUR,,,,CITY SUPERMARKET,0c644664-97c5-fdb5-7941-c66ac18aeb3e,,,,5411.0
2024-11-14T13:51:00.000000Z,2024-11-14,DEFAULT,CASH,CARD_TRANSACTION,,COFFEE CORNER,,,,-4.81,,,EUR,,,,COFFEE CORNER,321ce56c-98f1-eb0b-0b7d-08b50e9a1f4e,,,,5814.0
2024-11-14T16:34:00.000000Z,2024-11-14,DEFAULT,CASH,CARD_TRANSACTION,,CITY SUPERMARKET,,,,-50.76,,,EUR,,,,CITY SUPERMARKET,3038d1e9-8e8a-79c5-4f32-0bbce52f59c8,,,,5411.0
2024-11-15T10:00:00.000000Z,2024-11-15,DEFAULT,CASH,DIVIDEND,STOCK,Microsoft,US0EXAMPLE05,3.883223,,2.76,,,EUR,2.91,USD,1.053,,5f29b22d-aaf4-122b-6d13-1931135506f7,,,,
2024-11-15T10:00:00.000000Z,2024-11-15,DEFAULT,CASH,DIVIDEND,STOCK,Apple,US0EXAMPLE04,7.696065,,1.76,,,EUR,1.85,USD,1.053,,48058166-f4eb-3b0b-0365-6a370aa85d9b,,,,
2024-11-18T16:59:00.000000Z,2024-11-18,DEFAULT,CASH,CARD_TRANSACTION,,CITY SUPERMARKET,,,,-48.79,,,EUR,,,,CITY SUPERMARKET,36ea53f4-2e0e-69d5-372d-8295111e8d17,,,,5411.0
2024-11-19T20:50:00.000000Z,2024-11-19,DEFAULT,CASH,CARD_TRANSACTION,,COFFEE CORNER,,,,-6.85,,,EUR,,,,COFFEE CORNER,452e571a-8fd3-d688-1766-471d36256711,,,,5814.0
2024-11-20T08:12:00.000000Z,2024-11-20,DEFAULT,CASH,CARD_TRANSACTION,,CITY SUPERMARKET,,,,-29.5,,,EUR,,,,CITY SUPERMARKET,73952609-42d3-ab84-05c6-51eab1c12f8a,,,,5411.0
2024-11-22T08:48:00.000000Z,2024-11-22,DEFAULT,CASH,CARD_TRANSACTION,,CITY PHARMACY,,,,-21.2,,,EUR,,,,CITY PHARMACY,64109d6c-5fb1-b7c1-36ce-452473a2727f,,,,5912.0
2024-11-22T08:50:00.000000Z,2024-11-22,DEFAULT,CASH,CARD_TRANSACTION,,CORNER BAKERY,,,,-3.93,,,EUR,,,,CORNER BAKERY,44778aec-dc70-08b2-7537-20a408dc61c1,,,,5462.0
2024-11-22T18:06:00.000000Z,2024-11-22,DEFAULT,CASH,CARD_TRANSACTION,,COFFEE CORNER,,,,-5.49,,,EUR,,,,COFFEE CORNER,428099ea-43fa-693e-410c-772684076dac,,,,5814.0
2024-11-24T10:30:00.000000Z,2024-11-24,DEFAULT,CASH,CARD_TRANSACTION,,COFFEE CORNER,,,,-6.09,,,EUR,,,,COFFEE CORNER,6e9c091e-5371-2ccd-7973-b0e0cffbc865,,,,5814.0
2024-11-24T17:52:00.000000Z,2024-11-24,DEFAULT,CASH,CARD_TRANSACTION,,CITY SUPERMARKET,,,,-13.39,,,EUR,,,,CITY SUPERMARKET,429e5979-f851-fc6c-3b59-b9cf40d426e3,,,,5411.0
2024-11-25T09:20:00.000000Z,2024-11-25,DEFAULT,CASH,CARD_TRANSACTION,,COFFEE CORNER,,,,-3.45,,,EUR,,,,COFFEE CORNER,1ceb3d76-bc68-9179-380b-3142b41dba5d,,,,5814.0
2024-11-25T10:46:00.000000Z,2024-11-25,DEFAULT,CASH,CARD_TRANSACTION,,COFFEE CORNER,,,,-3.84,,,EUR,,,,COFFEE CORNER,77e4cade-db88-ef85-180d-397761aa98d5,,,,5814.0
2024-11-25T13:38:00.000000Z,2024-11-25,DEFAULT,CASH,CARD_TRANSACTION,,CITY PHARMACY,,,,-26.41,,,EUR,,,,CITY PHARMACY,50c6c09f-62a0-2e57-2c80-91d5a69c836c,,,,5912.0
2024-11-25T17:36:00.000000Z,2024-11-25,DEFAULT,CASH,CARD_TRANSACTION,,CITY SUPERMARKET,,,,-36.65,,,EUR,,,,CITY SUPERMARKET,2f5ba5d3-f7ac-67fb-3574-8c8a105b119b,,,,5411.0
2024-11-26T15:05:00.000000Z,2024-11-26,DEFAULT,CASH,CARD_TRANSACTION,,COFFEE CORNER,,,,-3.79,,,EUR,,,,COFFEE CORNER,1a584d8f-ee20-2cfb-7ce4-eb05242de76d,,,,5814.0
2024-11-27T07:00:00.000000Z,2024-11-27,DEFAULT,CASH,TRANSFER_INBOUND,,,,,,2623.74,,,EUR,,,,Incoming transfer from Example Employer GmbH,06bacf5f-7f04-db7f-7906-cbb8d40a9275,,,,
2024-11-27T12:02:00.000000Z,2024-11-27,DEFAULT,CASH,CARD_TRANSACTION,,CITY SUPERMARKET,,,,-43.01,,,EUR,,,,CITY SUPERMARKET,7f2c6abb-2f46-a19f-7ab6-ed9f3d40657f,,,,5411.0
2024-11-27T15:42:00.000000Z,2024-11-27,DEFAULT,CASH,CARD_TRANSACTION,,CORNER BAKERY,,,,-5.67,,,EUR,,,,CORNER BAKERY,08143933-fe9d-4e53-7c00-13791608feed,,,,5462.0
2024-11-28T20:42:00.000000Z,2024-11-28,DEFAULT,CASH,CARD_TRANSACTION,,FASHION STORE,,,,-65.38,,,EUR,,,,FASHION STORE,67f3a52b-5086-3d5e-40bc-d1ccaf464912,,,,5651.0
2024-11-29T13:16:00.000000Z,2024-11-29,DEFAULT,CASH,CARD_TRANSACTION,,COFFEE CORNER,,,,-5.43,,,EUR,,,,COFFEE CORNER,3d2d5a82-c19c-ce33-35fc-6e2af5fb1dd1,,,,5814.0
2024-11-30T11:13:00.000000Z,2024-11-30,DEFAULT,CASH,CARD_TRANSACTION,,METRO TRANSIT,,,,-8.74,,,EUR,,,,METRO TRANSIT,0681b5fc-4e3a-d10b-7d9e-17b04c876e78,,,,4111.0
2024-12-01T06:00:00.000000Z,2024-12-01,DEFAULT,CASH,INTEREST_PAYMENT,,,,,,4.83,,0.0,EUR,,,,Your interest payment,166c511c-eb0a-12df-2dc8-8b626029e11b,,,,
2024-12-01T16:40:00.000000Z,2024-12-01,DEFAULT,CASH,CARD_TRANSACTION,,CORNER BAKERY,,,,-4.05,,,EUR,,,,CORNER BAKERY,67ef3ab9-1ce2-0847-21e2-12c5fd5419aa,,,,5462.0
2024-12-02T09:05:00.000000Z,2024-12-02,DEFAULT,TRADING,BUY,FUND,Xetra-Gold,IE00EXAMPLE03,0.370622,80.945,-30.0,-0.0,,EUR,,,,,71006d9b-1832-e854-6159-92735d23af00,,,,
2024-12-02T09:05:00.000000Z,2024-12-02,DEFAULT,TRADING,BUY,FUND,Vanguard FTSE All-World (Acc),IE00EXAMPLE01,1.546847,135.76,-210.0,-0.0,,EUR,,,,,13c422c0-66b6-11c9-194d-26d4242f297b,,,,
2024-12-02T09:05:00.000000Z,2024-12-02,DEFAULT,TRADING,BUY,FUND,iShares MSCI EM (Acc),IE00EXAMPLE02,1.589615,37.745,-60.0,-0.0,,EUR,,,,,254a4895-b294-a433-43c3-188c29fdf570,,,,
2024-12-02T11:00:00.000000Z,2024-12-02,DEFAULT,CASH,TRANSFER_DIRECT_DEBIT_INBOUND,,,,,,-29.9,,,EUR,,,,SEPA Direct Debit transfer to Example Fitness Club (DE00EXAMPLE0000000000),27777661-9fca-65b0-104a-9622b0f396aa,,,,
2024-12-02T11:00:00.000000Z,2024-12-02,DEFAULT,CASH,TRANSFER_DIRECT_DEBIT_INBOUND,,,,,,-750.0,,,EUR,,,,SEPA Direct Debit transfer to Example Immobilien GmbH (DE00EXAMPLE0000000000),3d3c5f63-e4cf-65c9-12de-da8866aec654,,,,
2024-12-02T19:11:00.000000Z,2024-12-02,DEFAULT,CASH,CARD_TRANSACTION,,FASHION STORE,,,,-95.75,,,EUR,,,,FASHION STORE,690656b9-85ed-b413-5fea-cb6914a392f1,,,,5651.0
2024-12-02T20:21:00.000000Z,2024-12-02,DEFAULT,CASH,CARD_TRANSACTION,,CITY SUPERMARKET,,,,-49.29,,,EUR,,,,CITY SUPERMARKET,6eff804c-0307-91e2-7fd9-a6494fd245ad,,,,5411.0
2024-12-03T14:24:00.000000Z,2024-12-03,DEFAULT,CASH,CARD_TRANSACTION,,CITY SUPERMARKET,,,,-44.95,,,EUR,,,,CITY SUPERMARKET,46ad4478-61b9-3f6e-6b16-22d9523e2fca,,,,5411.0
2024-12-05T03:00:00.000000Z,2024-12-05,DEFAULT,CASH,CARD_TRANSACTION,,MUSICBOX,,,,-10.99,,,EUR,,,,MUSICBOX,757c6fb5-e837-a602-7df9-c86314108678,,,,5815.0
2024-12-05T03:00:00.000000Z,2024-12-05,DEFAULT,CASH,CARD_TRANSACTION,,STREAMFLIX,,,,-12.99,,,EUR,,,,STREAMFLIX,7af5cd58-3a15-d7f5-5c65-22080104d918,,,,4899.0
2024-12-06T11:40:00.000000Z,2024-12-06,DEFAULT,CASH,CARD_TRANSACTION,,TRATTORIA ROMA,,,,-48.14,,,EUR,,,,TRATTORIA ROMA,1e1ce19f-35cb-5e9e-235a-c34c7aec50fc,,,,5812.0
2024-12-07T09:09:00.000000Z,2024-12-07,DEFAULT,CASH,CARD_TRANSACTION,,METRO TRANSIT,,,,-8.75,,,EUR,,,,METRO TRANSIT,64363d72-377b-e07b-1aff-e5e614947a4c,,,,4111.0
2024-12-07T16:52:00.000000Z,2024-12-07,DEFAULT,CASH,CARD_TRANSACTION,,CITY SUPERMARKET,,,,-63.61,,,EUR,,,,CITY SUPERMARKET,283c8daa-9485-8f47-3369-a5ff1068a321,,,,5411.0
2024-12-07T19:02:00.000000Z,2024-12-07,DEFAULT,CASH,CARD_TRANSACTION,,COFFEE CORNER,,,,-4.04,,,EUR,,,,COFFEE CORNER,426bcb85-72e3-359a-67ac-23575d4bc423,,,,5814.0
2024-12-09T10:10:00.000000Z,2024-12-09,DEFAULT,CASH,CARD_TRANSACTION,,CITY SUPERMARKET,,,,-39.11,,,EUR,,,,CITY SUPERMARKET,322f05d7-2bf3-147f-1ed6-b322dc0a06eb,,,,5411.0
2024-12-10T17:18:00.000000Z,2024-12-10,DEFAULT,CASH,CARD_TRANSACTION,,CITY SUPERMARKET,,,,-33.42,,,EUR,,,,CITY SUPERMARKET,1e352886-734d-51d8-61af-143f4508e25e,,,,5411.0
2024-12-12T13:45:00.000000Z,2024-12-12,DEFAULT,CASH,CARD_TRANSACTION,,CITY SUPERMARKET,,,,-12.92,,,EUR,,,,CITY SUPERMARKET,3d14e90c-ca52-c3f6-3f45-b2d9bbfdab08,,,,5411.0
2024-12-13T10:11:00.000000Z,2024-12-13,DEFAULT,CASH,CARD_TRANSACTION,,COFFEE CORNER,,,,-5.05,,,EUR,,,,COFFEE CORNER,3d5d89e8-b7b7-85c9-6e4f-ef51dedb0dc3,,,,5814.0
2024-12-13T19:36:00.000000Z,2024-12-13,DEFAULT,CASH,CARD_TRANSACTION,,METRO TRANSIT,,,,-10.64,,,EUR,,,,METRO TRANSIT,1d24001e-0947-045b-0677-f69942f27f15,,,,4111.0
2024-12-15T15:16:00.000000Z,2024-12-15,DEFAULT,CASH,CARD_TRANSACTION,,METRO TRANSIT,,,,-5.29,,,EUR,,,,METRO TRANSIT,1148eda7-2348-3018-78ce-628a8305a1a9,,,,4111.0
2024-12-16T13:55:00.000000Z,2024-12-16,DEFAULT,CASH,CARD_TRANSACTION,,METRO TRANSIT,,,,-10.62,,,EUR,,,,METRO TRANSIT,3318d4e8-d0e6-6c4a-047e-b529a0bef6f8,,,,4111.0
2024-12-16T14:36:00.000000Z,2024-12-16,DEFAULT,CASH,CARD_TRANSACTION,,CITY SUPERMARKET,,,,-63.61,,,EUR,,,,CITY SUPERMARKET,744d4667-ea8b-ab8a-654e-4848408c45ad,,,,5411.0
2024-12-17T16:17:00.000000Z,2024-12-17,DEFAULT,CASH,CARD_TRANSACTION,,FASHION STORE,,,,-36.2,,,EUR,,,,FASHION STORE,1e81e07e-7e4e-f1c8-405e-34b82782c56d,,,,5651.0
2024-12-17T16:44:00.000000Z,2024-12-17,DEFAULT,CASH,CARD_TRANSACTION,,COFFEE CORNER,,,,-7.91,,,EUR,,,,COFFEE CORNER,34b7492d-9518-8540-33a1-1df953887a37,,,,5814.0
2024-12-19T17:03:00.000000Z,2024-12-19,DEFAULT,CASH,CARD_TRANSACTION,,CORNER BAKERY,,,,-8.7,,,EUR,,,,CORNER BAKERY,33918f1b-61fd-a0c7-6ac4-7930079a80e1,,,,5462.0
2024-12-22T11:55:00.000000Z,2024-12-22,DEFAULT,CASH,CARD_TRANSACTION,,COFFEE CORNER,,,,-4.23,,,EUR,,,,COFFEE CORNER,5d6a9603-7f1a-89ac-6095-da438b220abd,,,,5814.0
2024-12-23T18:50:00.000000Z,2024-12-23,DEFAULT,CASH,CARD_TRANSACTION,,COFFEE CORNER,,,,-3.02,,,EUR,,,,COFFEE CORNER,491c031a-4937-4653-7f3d-f0c12e8704ed,,,,5814.0
2024-12-24T09:08:00.000000Z,2024-12-24,DEFAULT,CASH,CARD_TRANSACTION,,COFFEE CORNER,,,,-6.74,,,EUR,,,,COFFEE CORNER,2f8eba54-93ff-86f0-182b-cab51e481255,,,,5814.0
2024-12-24T11:49:00.000000Z,2024-12-24,DEFAULT,CASH,CARD_TRANSACTION,,CITY SUPERMARKET,,,,-66.45,,,EUR,,,,CITY SUPERMARKET,2c1d314c-3746-b8ee-474b-d59a7f4d8fd0,,,,5411.0
2024-12-27T07:00:00.000000Z,2024-12-27,DEFAULT,CASH,TRANSFER_INBOUND,,,,,,2593.49,,,EUR,,,,Incoming transfer from Example Employer GmbH,0e2c3666-c817-d86f-7a5f-bca80cc441ea,,,,
2024-12-27T09:37:00.000000Z,2024-12-27,DEFAULT,CASH,CARD_TRANSACTION,,CITY PHARMACY,,,,-24.0,,,EUR,,,,CITY PHARMACY,106be9da-cd1f-dc88-63f2-82de0f95fd23,,,,5912.0
2024-12-29T17:10:00.000000Z,2024-12-29,DEFAULT,CASH,CARD_TRANSACTION,,CITY SUPERMARKET,,,,-27.82,,,EUR,,,,CITY SUPERMARKET,10c103ad-2ec8-9639-382b-4f3d01d8fb1e,,,,5411.0
2024-12-30T19:47:00.000000Z,2024-12-30,DEFAULT,CASH,CARD_TRANSACTION,,FUEL STATION,,,,-65.78,,,EUR,,,,FUEL STATION,56c7c81b-250e-6294-42f4-a125a0614cad,,,,5541.0
2024-12-31T09:24:00.000000Z,2024-12-31,DEFAULT,CASH,CARD_TRANSACTION,,COFFEE CORNER,,,,-4.0,,,EUR,,,,COFFEE CORNER,17ba607f-163d-9688-3b5e-b832b3a6d559,,,,5814.0
2024-12-31T09:42:00.000000Z,2024-12-31,DEFAULT,CASH,CARD_TRANSACTION,,CITY SUPERMARKET,,,,-57.99,,,EUR,,,,CITY SUPERMARKET,6c85eb20-88ca-dfe6-7f56-665b62a13998,,,,5411.0
2025-01-01T06:00:00.000000Z,2025-01-01,DEFAULT,CASH,INTEREST_PAYMENT,,,,,,3.53,,0.0,EUR,,,,Your interest payment,7d6fefd1-ce16-7cd9-7117-81743d72655d,,,,
2025-01-01T11:00:00.000000Z,2025-01-01,DEFAULT,CASH,TRANSFER_DIRECT_DEBIT_INBOUND,,,,,,-29.9,,,EUR,,,,SEPA Direct Debit transfer to Example Fitness Club (DE00EXAMPLE0000000000),4d9d4c2c-1e21-7c24-5449-190aa5a65f33,,,,
2025-01-01T11:00:00.000000Z,2025-01-01,DEFAULT,CASH,TRANSFER_DIRECT_DEBIT_INBOUND,,,,,,-750.0,,,EUR,,,,SEPA Direct Debit transfer to Example Immobilien GmbH (DE00EXAMPLE0000000000),2691aa5c-e3d5-9b20-6295-b01d1fefb7b6,,,,
2025-01-01T13:38:00.000000Z,2025-01-01,DEFAULT,CASH,CARD_TRANSACTION,,METRO TRANSIT,,,,-6.71,,,EUR,,,,METRO TRANSIT,613bfbc9-2511-0f27-1d86-e4c19396a5eb,,,,4111.0
2025-01-02T09:05:00.000000Z,2025-01-02,DEFAULT,TRADING,BUY,FUND,iShares MSCI EM (Acc),IE00EXAMPLE02,1.579779,37.98,-60.0,-0.0,,EUR,,,,,34c8b381-4c77-080c-7011-a9d54ecae803,,,,
2025-01-02T09:05:00.000000Z,2025-01-02,DEFAULT,TRADING,BUY,FUND,Vanguard FTSE All-World (Acc),IE00EXAMPLE01,1.550044,135.48,-210.0,-0.0,,EUR,,,,,7e49d9cc-8917-b731-0c01-e5101c6ddb95,,,,
2025-01-02T09:05:00.000000Z,2025-01-02,DEFAULT,TRADING,BUY,FUND,Xetra-Gold,IE00EXAMPLE03,0.360101,83.31,-30.0,-0.0,,EUR,,,,,245bcb18-8c75-221c-64d6-6568c21f03ed,,,,
2025-01-02T10:44:00.000000Z,2025-01-02,DEFAULT,CASH,CARD_TRANSACTION,,CITY SUPERMARKET,,,,-63.37,,,EUR,,,,CITY SUPERMARKET,1ba36c6c-a622-f2cd-4401-66a746198c47,,,,5411.0
2025-01-03T20:28:00.000000Z,2025-01-03,DEFAULT,CASH,CARD_TRANSACTION,,COFFEE CORNER,,,,-5.5,,,EUR,,,,COFFEE CORNER,4f52f707-0a94-1b25-76c7-bdaadc58550a,,,,5814.0
2025-01-04T14:07:00.000000Z,2025-01-04,DEFAULT,CASH,CARD_TRANSACTION,,CITY SUPERMARKET,,,,-49.15,,,EUR,,,,CITY SUPERMARKET,19cbe5e8-27bc-d84a-71ab-e846023700c2,,,,5411.0
2025-01-05T03:00:00.000000Z,2025-01-05,DEFAULT,CASH,CARD_TRANSACTION,,STREAMFLIX,,,,-12.99,,,EUR,,,,STREAMFLIX,47c78d92-0a50-9926-40b4-50fe9652b15e,,,,4899.0
2025-01-05T03:00:00.000000Z,2025-01-05,DEFAULT,CASH,CARD_TRANSACTION,,MUSICBOX,,,,-10.99,,,EUR,,,,MUSICBOX,517e6967-49b0-8d6e-3443-edc634ce9898,,,,5815.0
2025-01-08T13:42:00.000000Z,2025-01-08,DEFAULT,CASH,CARD_TRANSACTION,,CITY SUPERMARKET,,,,-48.86,,,EUR,,,,CITY SUPERMARKET,5f3b3815-2f8f-c6f1-440b-e461f6c95516,,,,5411.0
2025-01-08T16:51:00.000000Z,2025-01-08,DEFAULT,CASH,CARD_TRANSACTION,,CORNER BAKERY,,,,-3.47,,,EUR,,,,CORNER BAKERY,61ec51d8-70d6-8c76-2761-94fe1a6f4f9e,,,,5462.0
2025-01-08T19:56:00.000000Z,2025-01-08,DEFAULT,CASH,CARD_TRANSACTION,,METRO TRANSIT,,,,-9.8,,,EUR,,,,METRO TRANSIT,6cc3f57b-3efc-d427-7fd9-9dad2e144cdd,,,,4111.0
2025-01-09T10:37:00.000000Z,2025-01-09,DEFAULT,CASH,CARD_TRANSACTION,,TRATTORIA ROMA,,,,-23.0,,,EUR,,,,TRATTORIA ROMA,58c5ef21-a9e9-a8e6-565e-383ccf071bdc,,,,5812.0
2025-01-10T16:26:00.000000Z,2025-01-10,DEFAULT,CASH,CARD_TRANSACTION,,CORNER BAKERY,,,,-7.28,,,EUR,,,,CORNER BAKERY,39442a6a-b510-2b93-2c4b-d1c0da2f6526,,,,5462.0
2025-01-11T13:20:00.000000Z,2025-01-11,DEFAULT,CASH,CARD_TRANSACTION,,CITY SUPERMARKET,,,,-62.18,,,EUR,,,,CITY SUPERMARKET,03f44be6-600d-a11a-32be-6c2cebad5390,,,,5411.0
2025-01-12T08:03:00.000000Z,2025-01-12,DEFAULT,CASH,CARD_TRANSACTION,,CORNER BAKERY,,,,-3.44,,,EUR,,,,CORNER BAKERY,10f7238f-83da-8446-69e3-7a84c392dabf,,,,5462.0
2025-01-12T14:40:00.000000Z,2025-01-12,DEFAULT,CASH,CARD_TRANSACTION,,FUEL STATION,,,,-50.61,,,EUR,,,,FUEL STATION,384ba9a6-f826-a449-7e28-d50e9eebcb50,,,,5541.0
2025-01-13T18:47:00.000000Z,2025-01-13,DEFAULT,CASH,CARD_TRANSACTION,,CITY SUPERMARKET,,,,-25.38,,,EUR,,,,CITY SUPERMARKET,037ab443-342d-5816-7ab0-a1102b9207cb,,,,5411.0
2025-01-13T20:52:00.000000Z,2025-01-13,DEFAULT,CASH,CARD_TRANSACTION,,CITY SUPERMARKET,,,,-55.48,,,EUR,,,,CITY SUPERMARKET,20f97340-c4f8-f0f4-6eed-09c8432be0bc,,,,5411.0
2025-01-14T09:45:00.000000Z,2025-01-14,DEFAULT,CASH,CARD_TRANSACTION,,CORNER BAKERY,,,,-8.05,,,EUR,,,,CORNER BAKERY,2a44093a-d833-f0e1-57d0-7b6c79f8ed34,,,,5462.0
2025-01-14T18:10:00.000000Z,2025-01-14,DEFAULT,CASH,CARD_TRANSACTION,,CORNER BAKERY,,,,-4.27,,,EUR,,,,CORNER BAKERY,0b852a63-910b-aa3a-0f5f-c8fe17fcb2ba,,,,5462.0
2025-01-16T12:38:00.000000Z,2025-01-16,DEFAULT,CASH,CARD_TRANSACTION,,FUEL STATION,,,,-70.1,,,EUR,,,,FUEL STATION,776a5d12-b374-1149-1a18-1ae3a9458f5b,,,,5541.0
2025-01-17T10:28:00.000000Z,2025-01-17,DEFAULT,CASH,CARD_TRANSACTION,,CORNER BAKERY,,,,-4.02,,,EUR,,,,CORNER BAKERY,65f60ffc-35d9-c5e8-215e-bdd364057d2e,,,,5462.0
2025-01-17T13:30:00.000000Z,2025-01-17,DEFAULT,CASH,CARD_TRANSACTION,,COFFEE CORNER,,,,-5.41,,,EUR,,,,COFFEE CORNER,75f9c608-41df-bff6-3f2b-393faadd4e0b,,,,5814.0
2025-01-17T17:42:00.000000Z,2025-01-17,DEFAULT,CASH,CARD_TRANSACTION,,COFFEE CORNER,,,,-5.85,,,EUR,,,,COFFEE CORNER,13bf8ca8-fcde-b188-7875-300d0d82ed9e,,,,5814.0
2025-01-18T14:58:00.000000Z,2025-01-18,DEFAULT,CASH,CARD_TRANSACTION,,COFFEE CORNER,,,,-5.25,,,EUR,,,,COFFEE CORNER,17273894-4b63-5509-1bc3-e852b6868b34,,,,5814.0
2025-01-18T16:36:00.000000Z,2025-01-18,DEFAULT,CASH,CARD_TRANSACTION,,TRATTORIA ROMA,,,,-34.53,,,EUR,,,,TRATTORIA ROMA,345b4361-8695-f085-0b19-5ca537b3f7cf,,,,5812.0
2025-01-26T13:59:00.000000Z,2025-01-26,DEFAULT,CASH,CARD_TRANSACTION,,FUEL STATION,,,,-71.71,,,EUR,,,,FUEL STATION,66338e2c-4a79-af5a-2272-de457af37a02,,,,5541.0
2025-01-27T07:00:00.000000Z,2025-01-27,DEFAULT,CASH,TRANSFER_INBOUND,,,,,,2555.99,,,EUR,,,,Incoming transfer from Example Employer GmbH,51b14f33-ad82-6898-3ca9-d3f45463ba6b,,,,
2025-01-29T14:57:00.000000Z,2025-01-29,DEFAULT,CASH,CARD_TRANSACTION,,COFFEE CORNER,,,,-6.01,,,EUR,,,,COFFEE CORNER,5e66e561-7fd4-d046-0932-644c8f5c5036,,,,5814.0
2025-01-30T09:05:00.000000Z,2025-01-30,DEFAULT,CASH,CARD_TRANSACTION,,COFFEE CORNER,,,,-3.0,,,EUR,,,,COFFEE CORNER,3749fed3-d2b5-ca07-6276-8a78aee8e7dc,,,,5814.0
2025-01-31T15:14:00.000000Z,2025-01-31,DEFAULT,CASH,CARD_TRANSACTION,,TRATTORIA ROMA,,,,-38.51,,,EUR,,,,TRATTORIA ROMA,4f992cce-246b-e14f-4e1f-785338fe8575,,,,5812.0
2025-01-31T17:34:00.000000Z,2025-01-31,DEFAULT,CASH,CARD_TRANSACTION,,CORNER BAKERY,,,,-7.65,,,EUR,,,,CORNER BAKERY,50c1b984-04c4-a70e-70eb-1cda3464fcc3,,,,5462.0
2025-02-01T06:00:00.000000Z,2025-02-01,DEFAULT,CASH,INTEREST_PAYMENT,,,,,,4.62,,0.0,EUR,,,,Your interest payment,23343796-7225-f4bd-0850-2d1257f7832e,,,,
2025-02-01T11:00:00.000000Z,2025-02-01,DEFAULT,CASH,TRANSFER_DIRECT_DEBIT_INBOUND,,,,,,-29.9,,,EUR,,,,SEPA Direct Debit transfer to Example Fitness Club (DE00EXAMPLE0000000000),6ca5384f-82d8-8a30-13e4-0d848d225946,,,,
2025-02-01T11:00:00.000000Z,2025-02-01,DEFAULT,CASH,TRANSFER_DIRECT_DEBIT_INBOUND,,,,,,-750.0,,,EUR,,,,SEPA Direct Debit transfer to Example Immobilien GmbH (DE00EXAMPLE0000000000),4a760a43-f629-129d-02c7-d58de70fcd98,,,,
2025-02-01T18:43:00.000000Z,2025-02-01,DEFAULT,CASH,CARD_TRANSACTION,,METRO TRANSIT,,,,-10.58,,,EUR,,,,METRO TRANSIT,39234a77-0484-1844-79fb-17106685e1da,,,,4111.0
2025-02-03T09:05:00.000000Z,2025-02-03,DEFAULT,TRADING,BUY,FUND,iShares MSCI EM (Acc),IE00EXAMPLE02,1.564129,38.36,-60.0,-0.0,,EUR,,,,,6cddde3f-c425-ead6-391f-c7987e2170ec,,,,
2025-02-03T09:05:00.000000Z,2025-02-03,DEFAULT,TRADING,BUY,FUND,Xetra-Gold,IE00EXAMPLE03,0.340599,88.08,-30.0,-0.0,,EUR,,,,,1d2ac589-8735-d1f2-6132-16d38d6ab403,,,,
2025-02-03T09:05:00.000000Z,2025-02-03,DEFAULT,TRADING,BUY,FUND,Vanguard FTSE All-World (Acc),IE00EXAMPLE01,1.524169,137.78,-210.0,-0.0,,EUR,,,,,1048f0b8-c386-8f07-1827-b8c1370d3c4d,,,,
2025-02-03T13:28:00.000000Z,2025-02-03,DEFAULT,CASH,CARD_TRANSACTION,,METRO TRANSIT,,,,-9.78,,,EUR,,,,METRO TRANSIT,247ee40c-91f3-cc12-2ae2-d0eac177e9f6,,,,4111.0
2025-02-04T12:39:00.000000Z,2025-02-04,DEFAULT,CASH,CARD_TRANSACTION,,FUEL STATION,,,,-43.8,,,EUR,,,,FUEL STATION,01c374d5-34e7-a25d-1fc8-1b1d39e35344,,,,5541.0
2025-02-05T03:00:00.000000Z,2025-02-05,DEFAULT,CASH,CARD_TRANSACTION,,MUSICBOX,,,,-10.99,,,EUR,,,,MUSICBOX,43e57f1f-6c66-c49c-4bf8-51a59a46a19d,,,,5815.0
2025-02-05T03:00:00.000000Z,2025-02-05,DEFAULT,CASH,CARD_TRANSACTION,,STREAMFLIX,,,,-12.99,,,EUR,,,,STREAMFLIX,67b7fe7f-61e4-01a4-305c-fbe280c02033,,,,4899.0
2025-02-09T17:02:00.000000Z,2025-02-09,DEFAULT,CASH,CARD_TRANSACTION,,CITY SUPERMARKET,,,,-32.43,,,EUR,,,,CITY SUPERMARKET,5b0f7625-3db3-5889-025c-2b802df56d0a,,,,5411.0
2025-02-10T13:32:00.000000Z,2025-02-10,DEFAULT,CASH,CARD_TRANSACTION,,CITY SUPERMARKET,,,,-47.4,,,EUR,,,,CITY SUPERMARKET,63693748-50d7-dc16-67bf-1c2bc2d287fe,,,,5411.0
2025-02-11T10:43:00.000000Z,2025-02-11,DEFAULT,CASH,CARD_TRANSACTION,,COFFEE CORNER,,,,-7.71,,,EUR,,,,COFFEE CORNER,5df881e8-c2b1-d03c-1b8d-1b6d8c8841d7,,,,5814.0
2025-02-13T11:55:00.000000Z,2025-02-13,DEFAULT,CASH,CARD_TRANSACTION,,TRATTORIA ROMA,,,,-53.22,,,EUR,,,,TRATTORIA ROMA,018aea5a-c12f-ca01-61aa-9dc6efc02737,,,,5812.0
2025-02-13T14:55:00.000000Z,2025-02-13,DEFAULT,CASH,CARD_TRANSACTION,,METRO TRANSIT,,,,-5.32,,,EUR,,,,METRO TRANSIT,58b1d18a-8c29-e5eb-7e60-428ad26ee8f1,,,,4111.0
2025-02-15T10:00:00.000000Z,2025-02-15,DEFAULT,CASH,DIVIDEND,STOCK,Microsoft,US0EXAMPLE05,3.883223,,2.78,,,EUR,2.91,USD,1.0462,,287e8840-7cf0-8e2a-16a7-fb740e565ec0,,,,
2025-02-15T10:00:00.000000Z,2025-02-15,DEFAULT,CASH,DIVIDEND,STOCK,Apple,US0EXAMPLE04,7.696065,,1.77,,,EUR,1.85,USD,1.0462,,46e8da80-fe09-c1f5-02b5-3d7c96a2f6eb,,,,
2025-02-15T12:53:00.000000Z,2025-02-15,DEFAULT,CASH,CARD_TRANSACTION,,CITY PHARMACY,,,,-17.23,,,EUR,,,,CITY PHARMACY,122139c7-a433-64e0-138b-59ada2a86c9e,,,,5912.0
2025-02-16T09:27:00.000000Z,2025-02-16,DEFAULT,CASH,CARD_TRANSACTION,,METRO TRANSIT,,,,-9.07,,,EUR,,,,METRO TRANSIT,2b7c77b0-6dc7-7eac-091e-89fe27b20fbf,,,,4111.0
2025-02-16T10:35:00.000000Z,2025-02-16,DEFAULT,CASH,CARD_TRANSACTION,,CITY SUPERMARKET,,,,-43.87,,,EUR,,,,CITY SUPERMARKET,13347f34-d741-ce25-19f5-099cf2dd3136,,,,5411.0
2025-02-16T11:27:00.000000Z,2025-02-16,DEFAULT,CASH,CARD_TRANSACTION,,FASHION STORE,,,,-66.9,,,EUR,,,,FASHION STORE,35098b5d-d852-a874-42cc-d8d5c556f4b2,,,,5651.0
2025-02-19T10:42:00.000000Z,2025-02-19,DEFAULT,CASH,CARD_TRANSACTION,,CITY SUPERMARKET,,,,-17.96,,,EUR,,,,CITY SUPERMARKET,3ccd8912-eeaf-2b98-4d3c-680acf77dfb4,,,,5411.0
2025-02-20T17:11:00.000000Z,2025-02-20,DEFAULT,CASH,CARD_TRANSACTION,,COFFEE CORNER,,,,-5.36,,,EUR,,,,COFFEE CORNER,41421f16-5c82-9a8a-27f6-a325c5ba32f0,,,,5814.0
2025-02-21T20:11:00.000000Z,2025-02-21,DEFAULT,CASH,CARD_TRANSACTION,,TRATTORIA ROMA,,,,-53.92,,,EUR,,,,TRATTORIA ROMA,46710029-9880-cf2c-0a01-053865093a13,,,,5812.0
2025-02-24T20:58:00.000000Z,2025-02-24,DEFAULT,CASH,CARD_TRANSACTION,,COFFEE CORNER,,,,-6.67,,,EUR,,,,COFFEE CORNER,2f3b0454-82fc-a014-1660-16a37c28e255,,,,5814.0
2025-02-25T10:34:00.000000Z,2025-02-25,DEFAULT,CASH,CARD_TRANSACTION,,CORNER BAKERY,,,,-5.48,,,EUR,,,,CORNER BAKERY,169d060d-8aa6-5c9f-6986-72d111e17dd3,,,,5462.0
2025-02-25T14:33:00.000000Z,2025-02-25,DEFAULT,CASH,CARD_TRANSACTION,,CITY SUPERMARKET,,,,-39.68,,,EUR,,,,CITY SUPERMARKET,2e098b8c-62c4-a546-1cb9-a8f3dec637e1,,,,5411.0
2025-02-26T08:50:00.000000Z,2025-02-26,DEFAULT,CASH,CARD_TRANSACTION,,TRATTORIA ROMA,,,,-40.71,,,EUR,,,,TRATTORIA ROMA,4eafb191-f817-97fe-3568-90f83d916dd4,,,,5812.0
2025-02-26T18:39:00.000000Z,2025-02-26,DEFAULT,CASH,CARD_TRANSACTION,,CITY SUPERMARKET,,,,-54.04,,,EUR,,,,CITY SUPERMARKET,4cba0485-9926-10bd-7a00-c41ffad6d9cc,,,,5411.0
2025-02-27T07:00:00.000000Z,2025-02-27,DEFAULT,CASH,TRANSFER_INBOUND,,,,,,2659.13,,,EUR,,,,Incoming transfer from Example Employer GmbH,2ab1c394-e764-0cb2-2a53-9fb3b6482194,,,,
2025-03-01T06:00:00.000000Z,2025-03-01,DEFAULT,CASH,INTEREST_PAYMENT,,,,,,5.06,,0.0,EUR,,,,Your interest payment,24749337-73b2-dc36-64ce-9f146284801a,,,,
2025-03-01T20:06:00.000000Z,2025-03-01,DEFAULT,CASH,CARD_TRANSACTION,,COFFEE CORNER,,,,-4.2,,,EUR,,,,COFFEE CORNER,230f5b7a-2af5-cdb3-0433-1e396989e900,,,,5814.0
2025-03-03T09:05:00.000000Z,2025-03-03,DEFAULT,TRADING,BUY,FUND,Vanguard FTSE All-World (Acc),IE00EXAMPLE01,1.542983,136.1,-210.0,-0.0,,EUR,,,,,35ec81d9-6d59-26e7-0cd6-37ac5e776ccb,,,,
2025-03-03T09:05:00.000000Z,2025-03-03,DEFAULT,TRADING,BUY,FUND,iShares MSCI EM (Acc),IE00EXAMPLE02,1.568833,38.245,-60.0,-0.0,,EUR,,,,,643376dc-0c6f-7c3c-78a0-b3d66ac00e1a,,,,
2025-03-03T09:05:00.000000Z,2025-03-03,DEFAULT,TRADING,BUY,FUND,Xetra-Gold,IE00EXAMPLE03,0.33883,88.54,-30.0,-0.0,,EUR,,,,,02d9b468-298d-392e-4cf9-c85e7d6d8326,,,,
2025-03-03T11:00:00.000000Z,2025-03-03,DEFAULT,CASH,TRANSFER_DIRECT_DEBIT_INBOUND,,,,,,-29.9,,,EUR,,,,SEPA Direct Debit transfer to Example Fitness Club (DE00EXAMPLE0000000000),056b98f3-5e5a-1cb1-38f3-b8762ee800a6,,,,
2025-03-03T11:00:00.000000Z,2025-03-03,DEFAULT,CASH,TRANSFER_DIRECT_DEBIT_INBOUND,,,,,,-750.0,,,EUR,,,,SEPA Direct Debit transfer to Example Immobilien GmbH (DE00EXAMPLE0000000000),76eecd17-227f-a0a9-7d91-90cefdd65876,,,,
2025-03-03T20:58:00.000000Z,2025-03-03,DEFAULT,CASH,CARD_TRANSACTION,,CITY SUPERMARKET,,,,-27.01,,,EUR,,,,CITY SUPERMARKET,4094f03b-f0c1-08da-6e05-1ae05ceec5bf,,,,5411.0
2025-03-04T18:30:00.000000Z,2025-03-04,DEFAULT,CASH,CARD_TRANSACTION,,CITY SUPERMARKET,,,,-39.83,,,EUR,,,,CITY SUPERMARKET,7d309a5e-135d-ee66-3cc8-c3a125426210,,,,5411.0
2025-03-05T03:00:00.000000Z,2025-03-05,DEFAULT,CASH,CARD_TRANSACTION,,MUSICBOX,,,,-10.99,,,EUR,,,,MUSICBOX,21b8b506-a884-2d93-76fd-195f9540288d,,,,5815.0
2025-03-05T03:00:00.000000Z,2025-03-05,DEFAULT,CASH,CARD_TRANSACTION,,STREAMFLIX,,,,-12.99,,,EUR,,,,STREAMFLIX,68bbac84-1d05-7f06-4ac5-d34726d37d57,,,,4899.0
2025-03-06T12:19:00.000000Z,2025-03-06,DEFAULT,CASH,CARD_TRANSACTION,,COFFEE CORNER,,,,-3.45,,,EUR,,,,COFFEE CORNER,0339ea6b-cd58-e85a-19de-e1a29cebfed7,,,,5814.0
2025-03-06T13:07:00.000000Z,2025-03-06,DEFAULT,CASH,CARD_TRANSACTION,,CITY SUPERMARKET,,,,-61.62,,,EUR,,,,CITY SUPERMARKET,31e7e5ea-ee6b-d54d-43ee-bda52a230fdb,,,,5411.0
2025-03-09T13:23:00.000000Z,2025-03-09,DEFAULT,CASH,CARD_TRANSACTION,,CORNER BAKERY,,,,-4.2,,,EUR,,,,CORNER BAKERY,570b627f-db70-589d-1735-8aa3bb2e3f69,,,,5462.0
2025-03-09T13:27:00.000000Z,2025-03-09,DEFAULT,CASH,CARD_TRANSACTION,,CORNER BAKERY,,,,-5.17,,,EUR,,,,CORNER BAKERY,6d22bdc3-0cee-aea8-4935-ad9807215723,,,,5462.0
2025-03-10T17:35:00.000000Z,2025-03-10,DEFAULT,CASH,CARD_TRANSACTION,,COFFEE CORNER,,,,-7.64,,,EUR,,,,COFFEE CORNER,408a4285-05bf-b7fa-4412-cdd9e640aad5,,,,5814.0
2025-03-11T08:07:00.000000Z,2025-03-11,DEFAULT,CASH,CARD_TRANSACTION,,CITY SUPERMARKET,,,,-15.0,,,EUR,,,,CITY SUPERMARKET,79036905-dced-5c7a-2206-0af87e20202b,,,,5411.0
2025-03-11T11:16:00.000000Z,2025-03-11,DEFAULT,CASH,CARD_TRANSACTION,,COFFEE CORNER,,,,-4.89,,,EUR,,,,COFFEE CORNER,314d2d29-b587-c209-2b64-9b0b7d77c2fc,,,,5814.0
2025-03-14T11:39:00.000000Z,2025-03-14,DEFAULT,CASH,CARD_TRANSACTION,,METRO TRANSIT,,,,-3.31,,,EUR,,,,METRO TRANSIT,62957c67-d59a-48ce-664c-efcb5e9e85ae,,,,4111.0
2025-03-14T15:20:00.000000Z,2025-03-14,DEFAULT,CASH,CARD_TRANSACTION,,COFFEE CORNER,,,,-7.64,,,EUR,,,,COFFEE CORNER,21dd91e7-4d75-20ca-0510-4f14a120fa9f,,,,5814.0
2025-03-15T19:10:00.000000Z,2025-03-15,DEFAULT,CASH,CARD_TRANSACTION,,COFFEE CORNER,,,,-6.83,,,EUR,,,,COFFEE CORNER,673812d3-db6d-464e-277b-9adb61d5ff56,,,,5814.0
2025-03-16T12:07:00.000000Z,2025-03-16,DEFAULT,CASH,CARD_TRANSACTION,,TRATTORIA ROMA,,,,-47.86,,,EUR,,,,TRATTORIA ROMA,77ec93f8-f408-0899-4da2-d8079cf7c3e5,,,,5812.0
2025-03-16T16:22:00.000000Z,2025-03-16,DEFAULT,CASH,CARD_TRANSACTION,,CORNER BAKERY,,,,-5.13,,,EUR,,,,CORNER BAKERY,2ca77741-b344-0210-5bbe-857726d7f076,,,,5462.0
2025-03-16T20:34:00.000000Z,2025-03-16,DEFAULT,CASH,CARD_TRANSACTION,,SKYLINE AIRLINES,,,,-111.26,,,EUR,,,,SKYLINE AIRLINES,43630b53-f69a-2c25-15c1-db2ec777c46e,,,,4511.0
2025-03-23T08:33:00.000000Z,2025-03-23,DEFAULT,CASH,CARD_TRANSACTION,,TRATTORIA ROMA,,,,-22.59,,,EUR,,,,TRATTORIA ROMA,1e861184-79ec-cd7d-5fa1-543e56d77702,,,,5812.0
2025-03-25T14:02:00.000000Z,2025-03-25,DEFAULT,CASH,CARD_TRANSACTION,,CITY SUPERMARKET,,,,-36.57,,,EUR,,,,CITY SUPERMARKET,770db299-8112-a61f-404f-11a85d7bae0d,,,,5411.0
2025-03-25T15:31:00.000000Z,2025-03-25,DEFAULT,CASH,CARD_TRANSACTION,,METRO TRANSIT,,,,-3.88,,,EUR,,,,METRO TRANSIT,235178f2-e040-521b-3503-c4defd4b152a,,,,4111.0
2025-03-27T07:00:00.000000Z,2025-03-27,DEFAULT,CASH,TRANSFER_INBOUND,,,,,,2588.4,,,EUR,,,,Incoming transfer from Example Employer GmbH,41efe3f7-50f3-5247-2c23-6e42e0d50a9a,,,,
2025-03-27T13:02:00.000000Z,2025-03-27,DEFAULT,CASH,CARD_TRANSACTION,,METRO TRANSIT,,,,-5.43,,,EUR,,,,METRO TRANSIT,72662cc2-6e38-c038-3686-377175583558,,,,4111.0
2025-03-27T19:02:00.000000Z,2025-03-27,DEFAULT,CASH,CARD_TRANSACTION,,METRO TRANSIT,,,,-7.03,,,EUR,,,,METRO TRANSIT,21f283b8-3b36-8c47-3245-24107c50127f,,,,4111.0
2025-03-28T17:21:00.000000Z,2025-03-28,DEFAULT,CASH,CARD_TRANSACTION,,FUEL STATION,,,,-59.8,,,EUR,,,,FUEL STATION,34ea8fb4-c68e-5234-6975-f5d2bddd4453,,,,5541.0
2025-03-31T20:18:00.000000Z,2025-03-31,DEFAULT,CASH,CARD_TRANSACTION,,COFFEE CORNER,,,,-6.87,,,EUR,,,,COFFEE CORNER,61e38c12-08b4-5b48-6c11-1dda5de09e10,,,,5814.0
2025-04-01T06:00:00.000000Z,2025-04-01,DEFAULT,CASH,INTEREST_PAYMENT,,,,,,5.75,,0.0,EUR,,,,Your interest payment,72867756-a170-3637-17ce-0281a11e8029,,,,
2025-04-01T09:26:00.000000Z,2025-04-01,DEFAULT,CASH,CARD_TRANSACTION,,CORNER BAKERY,,,,-3.76,,,EUR,,,,CORNER BAKERY,6031cafe-da26-5815-40fb-8f5283d0dbc4,,,,5462.0
2025-04-02T09:05:00.000000Z,2025-04-02,DEFAULT,TRADING,BUY,FUND,iShares MSCI EM (Acc),IE00EXAMPLE02,1.60064,37.485,-60.0,-0.0,,EUR,,,,,686f7376-971f-2e51-08a4-bc2b81915e89,,,,
2025-04-02T09:05:00.000000Z,2025-04-02,DEFAULT,TRADING,BUY,FUND,Xetra-Gold,IE00EXAMPLE03,0.323782,92.655,-30.0,-0.0,,EUR,,,,,41912d7c-4121-8c2e-2118-66d025bec695,,,,
2025-04-02T09:05:00.000000Z,2025-04-02,DEFAULT,TRADING,BUY,FUND,Vanguard FTSE All-World (Acc),IE00EXAMPLE01,1.649647,127.3,-210.0,-0.0,,EUR,,,,,0788594f-a14f-37bb-4c86-8be72b20aea7,,,,
2025-04-02T11:00:00.000000Z,2025-04-02,DEFAULT,CASH,TRANSFER_DIRECT_DEBIT_INBOUND,,,,,,-29.9,,,EUR,,,,SEPA Direct Debit transfer to Example Fitness Club (DE00EXAMPLE0000000000),38a8f3ca-3ed8-bfb4-1401-5aa23c498de3,,,,
2025-04-03T08:43:00.000000Z,2025-04-03,DEFAULT,CASH,CARD_TRANSACTION,,COFFEE CORNER,,,,-3.22,,,EUR,,,,COFFEE CORNER,009f2a4d-7313-b7b6-5d60-18547a4f8b35,,,,5814.0
2025-04-04T11:00:00.000000Z,2025-04-04,DEFAULT,CASH,TRANSFER_DIRECT_DEBIT_INBOUND,,,,,,-750.0,,,EUR,,,,SEPA Direct Debit transfer to Example Immobilien GmbH (DE00EXAMPLE0000000000),2960c6c8-a15c-bb06-4b37-9f730f701ea4,,,,
2025-04-04T12:35:00.000000Z,2025-04-04,DEFAULT,CASH,CARD_TRANSACTION,,CITY SUPERMARKET,,,,-17.45,,,EUR,,,,CITY SUPERMARKET,7994bae2-6649-0eca-5fcf-5271f1c192d0,,,,5411.0
2025-04-05T03:00:00.000000Z,2025-04-05,DEFAULT,CASH,CARD_TRANSACTION,,STREAMFLIX,,,,-12.99,,,EUR,,,,STREAMFLIX,462dd1f0-bc33-e2a2-368f-2b88624b4c14,,,,4899.0
2025-04-05T03:00:00.000000Z,2025-04-05,DEFAULT,CASH,CARD_TRANSACTION,,MUSICBOX,,,,-10.99,,,EUR,,,,MUSICBOX,65d3c7cb-247c-10b2-3e94-3833f1782665,,,,5815.0
2025-04-05T12:18:00.000000Z,2025-04-05,DEFAULT,CASH,CARD_TRANSACTION,,CITY PHARMACY,,,,-8.46,,,EUR,,,,CITY PHARMACY,36d591f9-de35-6f1e-584a-1dc28c453b0a,,,,5912.0
2025-04-08T20:17:00.000000Z,2025-04-08,DEFAULT,CASH,CARD_TRANSACTION,,CORNER BAKERY,,,,-8.46,,,EUR,,,,CORNER BAKERY,65971086-74b7-822b-0784-1800ad022a2e,,,,5462.0
2025-04-09T14:30:00.000000Z,2025-04-09,DEFAULT,TRADING,BUY,CRYPTO,Bitcoin,XXEXAMPLE0006,0.002653,75397.6953,-201.03,-1.0,,EUR,,,,,54dab55b-88ef-9a70-0f30-d1e93083ef93,,,,
2025-04-09T16:23:00.000000Z,2025-04-09,DEFAULT,CASH,CARD_TRANSACTION,,CITY SUPERMARKET,,,,-23.42,,,EUR,,,,CITY SUPERMARKET,2185d205-d927-15d8-503f-f96b27541114,,,,5411.0
2025-04-10T10:41:00.000000Z,2025-04-10,DEFAULT,CASH,CARD_TRANSACTION,,TRATTORIA ROMA,,,,-50.86,,,EUR,,,,TRATTORIA ROMA,61d1a50d-5b0c-d68e-1992-e15a8aa882be,,,,5812.0
2025-04-13T14:42:00.000000Z,2025-04-13,DEFAULT,CASH,CARD_TRANSACTION,,CITY SUPERMARKET,,,,-15.9,,,EUR,,,,CITY SUPERMARKET,04f5cdba-cba7-cc5b-53ad-70ac0ee970c6,,,,5411.0
2025-04-14T17:35:00.000000Z,2025-04-14,DEFAULT,CASH,CARD_TRANSACTION,,CORNER BAKERY,,,,-8.21,,,EUR,,,,CORNER BAKERY,04a9bea1-85be-1c0f-4731-3e5f8cad4c01,,,,5462.0
2025-04-16T17:25:00.000000Z,2025-04-16,DEFAULT,CASH,CARD_TRANSACTION,,CORNER BAKERY,,,,-7.19,,,EUR,,,,CORNER BAKERY,7e4c9371-44f1-f620-3aac-1305e675d05b,,,,5462.0
2025-04-17T09:43:00.000000Z,2025-04-17,DEFAULT,CASH,CARD_TRANSACTION,,CORNER BAKERY,,,,-8.22,,,EUR,,,,CORNER BAKERY,50815e5e-4c90-fe7b-4e64-6974f69a8891,,,,5462.0
2025-04-19T19:37:00.000000Z,2025-04-19,DEFAULT,CASH,CARD_TRANSACTION,,COFFEE CORNER,,,,-3.39,,,EUR,,,,COFFEE CORNER,313d4edb-3232-af51-1721-61708062fb83,,,,5814.0
2025-04-20T13:52:00.000000Z,2025-04-20,DEFAULT,CASH,CARD_TRANSACTION,,CITY SUPERMARKET,,,,-19.92,,,EUR,,,,CITY SUPERMARKET,28fb08dd-6cde-bd90-2f25-e6cd78276065,,,,5411.0
2025-04-21T13:44:00.000000Z,2025-04-21,DEFAULT,CASH,CARD_TRANSACTION,,CITY SUPERMARKET,,,,-23.02,,,EUR,,,,CITY SUPERMARKET,72fdf6ee-c689-0d52-206c-622a6df29c5c,,,,5411.0
2025-04-22T15:55:00.000000Z,2025-04-22,DEFAULT,CASH,CARD_TRANSACTION,,CITY SUPERMARKET,,,,-66.95,,,EUR,,,,CITY SUPERMARKET,2848a94c-2c13-23a6-2d76-0b0329c16e9a,,,,5411.0
2025-04-23T09:19:00.000000Z,2025-04-23,DEFAULT,CASH,CARD_TRANSACTION,,COFFEE CORNER,,,,-5.61,,,EUR,,,,COFFEE CORNER,372ff45e-47b4-3505-4c90-c3dd2579c734,,,,5814.0
2025-04-25T14:36:00.000000Z,2025-04-25,DEFAULT,CASH,CARD_TRANSACTION,,COFFEE CORNER,,,,-3.16,,,EUR,,,,COFFEE CORNER,0892bc4b-f9fa-71e0-339e-78010366b779,,,,5814.0
2025-04-25T15:34:00.000000Z,2025-04-25,DEFAULT,CASH,CARD_TRANSACTION,,FASHION STORE,,,,-31.57,,,EUR,,,,FASHION STORE,15cd0410-a994-9d29-08d9-84f159479062,,,,5651.0
2025-04-26T14:25:00.000000Z,2025-04-26,DEFAULT,CASH,CARD_TRANSACTION,,TRATTORIA ROMA,,,,-24.96,,,EUR,,,,TRATTORIA ROMA,2b65204c-f2d0-a8d3-5a15-6332da2e7373,,,,5812.0
2025-04-27T07:00:00.000000Z,2025-04-27,DEFAULT,CASH,TRANSFER_INBOUND,,,,,,2708.16,,,EUR,,,,Incoming transfer from Example Employer GmbH,482ca4ab-2d37-510d-5c4b-0e90b10f8596,,,,
2025-04-27T14:28:00.000000Z,2025-04-27,DEFAULT,CASH,CARD_TRANSACTION,,CITY SUPERMARKET,,,,-15.52,,,EUR,,,,CITY SUPERMARKET,2f376822-bc04-089d-2095-126ac58dda1a,,,,5411.0
2025-04-28T13:59:00.000000Z,2025-04-28,DEFAULT,CASH,CARD_TRANSACTION,,METRO TRANSIT,,,,-4.88,,,EUR,,,,METRO TRANSIT,195bec12-0fa8-017e-496d-0eb4110aac95,,,,4111.0
2025-04-30T17:21:00.000000Z,2025-04-30,DEFAULT,CASH,CARD_TRANSACTION,,COFFEE CORNER,,,,-4.44,,,EUR,,,,COFFEE CORNER,16573b94-2329-7840-61cd-3e7e8cf3dbd9,,,,5814.0
2025-04-30T19:42:00.000000Z,2025-04-30,DEFAULT,CASH,CARD_TRANSACTION,,FUEL STATION,,,,-43.11,,,EUR,,,,FUEL STATION,030a7405-2681-90c5-0734-78c971b43b9f,,,,5541.0
2025-04-30T20:18:00.000000Z,2025-04-30,DEFAULT,CASH,CARD_TRANSACTION,,COFFEE CORNER,,,,-5.36,,,EUR,,,,COFFEE CORNER,3e36bb11-9ebb-dcf7-37d3-517befa8e164,,,,5814.0
2025-05-01T06:00:00.000000Z,2025-05-01,DEFAULT,CASH,INTEREST_PAYMENT,,,,,,3.85,,0.0,EUR,,,,Your interest payment,29d7ce21-36c7-b561-2719-fd1bd91e0775,,,,
2025-05-01T11:00:00.000000Z,2025-05-01,DEFAULT,CASH,TRANSFER_DIRECT_DEBIT_INBOUND,,,,,,-29.9,,,EUR,,,,SEPA Direct Debit transfer to Example Fitness Club (DE00EXAMPLE0000000000),6fa11d1f-e733-6feb-4d12-3f8c1b222852,,,,
2025-05-02T09:05:00.000000Z,2025-05-02,DEFAULT,TRADING,BUY,FUND,Vanguard FTSE All-World (Acc),IE00EXAMPLE01,1.691638,124.14,-210.0,-0.0,,EUR,,,,,6a5481b4-c93c-a22d-069f-bc5478f5ec09,,,,
2025-05-02T09:05:00.000000Z,2025-05-02,DEFAULT,TRADING,BUY,FUND,iShares MSCI EM (Acc),IE00EXAMPLE02,1.628443,36.845,-60.0,-0.0,,EUR,,,,,3d23984a-2530-b849-7173-6b650c939b07,,,,
2025-05-02T09:05:00.000000Z,2025-05-02,DEFAULT,TRADING,BUY,FUND,Xetra-Gold,IE00EXAMPLE03,0.326548,91.87,-30.0,-0.0,,EUR,,,,,5525bb31-8e5b-9640-57b5-1cd67595a60d,,,,
2025-05-02T18:38:00.000000Z,2025-05-02,DEFAULT,CASH,CARD_TRANSACTION,,TECH WORLD,,,,-131.77,,,EUR,,,,TECH WORLD,35badf1d-d75f-89cb-0f4a-161aefa19eda,,,,5732.0
2025-05-03T15:00:00.000000Z,2025-05-03,DEFAULT,CASH,CARD_TRANSACTION,,CITY SUPERMARKET,,,,-46.52,,,EUR,,,,CITY SUPERMARKET,7ee11a9e-193a-989c-20f9-9b92fc4e69fb,,,,5411.0
2025-05-04T08:41:00.000000Z,2025-05-04,DEFAULT,CASH,CARD_TRANSACTION,,CORNER BAKERY,,,,-6.79,,,EUR,,,,CORNER BAKERY,60f0d382-a18c-91bb-6a02-632187919383,,,,5462.0
2025-05-04T11:00:00.000000Z,2025-05-04,DEFAULT,CASH,TRANSFER_DIRECT_DEBIT_INBOUND,,,,,,-750.0,,,EUR,,,,SEPA Direct Debit transfer to Example Immobilien GmbH (DE00EXAMPLE0000000000),201bf292-e205-1d4d-2eb9-de416eb43ef5,,,,
2025-05-04T16:45:00.000000Z,2025-05-04,DEFAULT,CASH,CARD_TRANSACTION,,CITY SUPERMARKET,,,,-63.77,,,EUR,,,,CITY SUPERMARKET,67238f4d-b1e6-ddf7-1fa6-72a19a0d3eea,,,,5411.0
2025-05-05T03:00:00.000000Z,2025-05-05,DEFAULT,CASH,CARD_TRANSACTION,,MUSICBOX,,,,-10.99,,,EUR,,,,MUSICBOX,74c32504-255a-1bc1-1353-be30b79558e3,,,,5815.0
2025-05-05T03:00:00.000000Z,2025-05-05,DEFAULT,CASH,CARD_TRANSACTION,,STREAMFLIX,,,,-12.99,,,EUR,,,,STREAMFLIX,2f1dae28-6770-c50a-5025-fccb62c1894e,,,,4899.0
2025-05-05T09:02:00.000000Z,2025-05-05,DEFAULT,CASH,CARD_TRANSACTION,,CITY SUPERMARKET,,,,-56.21,,,EUR,,,,CITY SUPERMARKET,7e5c1f29-96b0-db7d-05be-a36ea2805b6d,,,,5411.0
2025-05-07T14:55:00.000000Z,2025-05-07,DEFAULT,CASH,CARD_TRANSACTION,,CORNER BAKERY,,,,-3.64,,,EUR,,,,CORNER BAKERY,1e4c403e-b1e2-c12b-4389-96987d04f5cf,,,,5462.0
2025-05-08T09:42:00.000000Z,2025-05-08,DEFAULT,CASH,CARD_TRANSACTION,,TECH WORLD,,,,-214.06,,,EUR,,,,TECH WORLD,12aaa201-2e1a-7795-1d04-762002af29ba,,,,5732.0
2025-05-11T12:31:00.000000Z,2025-05-11,DEFAULT,CASH,CARD_TRANSACTION,,COFFEE CORNER,,,,-4.84,,,EUR,,,,COFFEE CORNER,0672d7e0-2a49-e69f-124e-1107e431da0a,,,,5814.0
2025-05-11T17:06:00.000000Z,2025-05-11,DEFAULT,CASH,CARD_TRANSACTION,,CITY SUPERMARKET,,,,-46.34,,,EUR,,,,CITY SUPERMARKET,60c71329-abef-7580-2dfa-68e16c12daee,,,,5411.0
2025-05-12T10:09:00.000000Z,2025-05-12,DEFAULT,CASH,CARD_TRANSACTION,,COFFEE CORNER,,,,-7.72,,,EUR,,,,COFFEE CORNER,40a8ddcf-30db-8d82-1e0f-3e127e2b5f62,,,,5814.0
2025-05-12T20:06:00.000000Z,2025-05-12,DEFAULT,CASH,CARD_TRANSACTION,,COFFEE CORNER,,,,-4.69,,,EUR,,,,COFFEE CORNER,6869dc89-04bf-2cdb-3111-606c6d7e4540,,,,5814.0
2025-05-13T10:30:00.000000Z,2025-05-13,DEFAULT,CASH,CARD_TRANSACTION,,CITY SUPERMARKET,,,,-44.2,,,EUR,,,,CITY SUPERMARKET,4c585021-ce50-ee11-6569-217b9c577855,,,,5411.0
2025-05-13T16:31:00.000000Z,2025-05-13,DEFAULT,CASH,CARD_TRANSACTION,,METRO TRANSIT,,,,-7.97,,,EUR,,,,METRO TRANSIT,1b1a551b-d23b-311e-68e3-c329df94223b,,,,4111.0
2025-05-15T10:00:00.000000Z,2025-05-15,DEFAULT,CASH,DIVIDEND,STOCK,Apple,US0EXAMPLE04,7.696065,,1.65,,,EUR,1.85,USD,1.1182,,21b46175-e1b0-c2f8-3593-dbd7e9ea8724,,,,
2025-05-15T10:00:00.000000Z,2025-05-15,DEFAULT,CASH,DIVIDEND,STOCK,Microsoft,US0EXAMPLE05,3.883223,,2.6,,,EUR,2.91,USD,1.1182,,2eec20d7-87d9-6070-42be-a6af2cc791c3,,,,
2025-05-15T19:34:00.000000Z,2025-05-15,DEFAULT,CASH,CARD_TRANSACTION,,TRATTORIA ROMA,,,,-39.65,,,EUR,,,,TRATTORIA ROMA,542384ee-2c32-1bcd-5c30-09f14f8af92d,,,,5812.0
2025-05-16T09:04:00.000000Z,2025-05-16,DEFAULT,CASH,CARD_TRANSACTION,,CORNER BAKERY,,,,-8.59,,,EUR,,,,CORNER BAKERY,0fda1c19-e1aa-18a1-1957-6edf8c949e82,,,,5462.0
2025-05-19T08:35:00.000000Z,2025-05-19,DEFAULT,CASH,CARD_TRANSACTION,,CORNER BAKERY,,,,-6.99,,,EUR,,,,CORNER BAKERY,37f3cfca-b4d1-cb6b-60c8-9112d5f51d95,,,,5462.0
2025-05-22T14:11:00.000000Z,2025-05-22,DEFAULT,CASH,CARD_TRANSACTION,,METRO TRANSIT,,,,-9.15,,,EUR,,,,METRO TRANSIT,79a9dc9c-e2e5-0f2c-6a21-9a6fbfa9882e,,,,4111.0
2025-05-22T15:20:00.000000Z,2025-05-22,DEFAULT,CASH,CARD_TRANSACTION,,TRATTORIA ROMA,,,,-39.15,,,EUR,,,,TRATTORIA ROMA,06480ef3-076f-b3a2-33bf-54b73db3d48e,,,,5812.0
2025-05-24T17:50:00.000000Z,2025-05-24,DEFAULT,CASH,CARD_TRANSACTION,,CORNER BAKERY,,,,-8.4,,,EUR,,,,CORNER BAKERY,5ce3c4f7-f6e1-17fc-08c8-91788d92a915,,,,5462.0
2025-05-27T07:00:00.000000Z,2025-05-27,DEFAULT,CASH,TRANSFER_INBOUND,,,,,,2600.54,,,EUR,,,,Incoming transfer from Example Employer GmbH,7e9a908e-71d4-4d37-1337-72003355202e,,,,
2025-05-27T14:58:00.000000Z,2025-05-27,DEFAULT,CASH,CARD_TRANSACTION,,COFFEE CORNER,,,,-6.4,,,EUR,,,,COFFEE CORNER,0b927dee-2a5e-44aa-4bcf-aa633309d665,,,,5814.0
2025-05-28T10:13:00.000000Z,2025-05-28,DEFAULT,CASH,CARD_TRANSACTION,,COFFEE CORNER,,,,-6.67,,,EUR,,,,COFFEE CORNER,69e994f4-7320-7e52-4bf6-600930a3be53,,,,5814.0
2025-05-28T17:52:00.000000Z,2025-05-28,DEFAULT,CASH,CARD_TRANSACTION,,CORNER BAKERY,,,,-4.93,,,EUR,,,,CORNER BAKERY,5940436a-f5fa-9126-7a7e-0b7d98621f96,,,,5462.0
2025-05-28T20:11:00.000000Z,2025-05-28,DEFAULT,CASH,CARD_TRANSACTION,,METRO TRANSIT,,,,-3.46,,,EUR,,,,METRO TRANSIT,762ec855-7bb3-3481-711b-fa09f743531a,,,,4111.0
2025-05-30T15:17:00.000000Z,2025-05-30,DEFAULT,CASH,CARD_TRANSACTION,,COFFEE CORNER,,,,-5.23,,,EUR,,,,COFFEE CORNER,6e9b1a3f-eb2c-d4f4-5c95-c2b7049632ef,,,,5814.0
2025-06-01T06:00:00.000000Z,2025-06-01,DEFAULT,CASH,INTEREST_PAYMENT,,,,,,4.34,,0.0,EUR,,,,Your interest payment,64071297-9658-f312-304a-c574125756dc,,,,
2025-06-01T11:00:00.000000Z,2025-06-01,DEFAULT,CASH,TRANSFER_DIRECT_DEBIT_INBOUND,,,,,,-750.0,,,EUR,,,,SEPA Direct Debit transfer to Example Immobilien GmbH (DE00EXAMPLE0000000000),01963b5e-2a38-d89a-413e-fc3ee74c1cbb,,,,
2025-06-01T18:17:00.000000Z,2025-06-01,DEFAULT,CASH,CARD_TRANSACTION,,CORNER BAKERY,,,,-8.48,,,EUR,,,,CORNER BAKERY,0b5ba6e0-bf7d-bfec-3413-da262f63a570,,,,5462.0
2025-06-02T09:05:00.000000Z,2025-06-02,DEFAULT,TRADING,BUY,FUND,Xetra-Gold,IE00EXAMPLE03,0.316122,94.9,-30.0,-0.0,,EUR,,,,,021c16b8-4367-d7e5-7aa2-c71304841e78,,,,
2025-06-02T09:05:00.000000Z,2025-06-02,DEFAULT,TRADING,BUY,FUND,Vanguard FTSE All-World (Acc),IE00EXAMPLE01,1.641138,127.96,-210.0,-0.0,,EUR,,,,,50cdfa18-a0a3-bb0b-4f60-f73644e513e4,,,,
2025-06-02T09:05:00.000000Z,2025-06-02,DEFAULT,TRADING,BUY,FUND,iShares MSCI EM (Acc),IE00EXAMPLE02,1.615509,37.14,-60.0,-0.0,,EUR,,,,,51d1b86e-cee7-a256-5862-288141cac73a,,,,
2025-06-02T11:00:00.000000Z,2025-06-02,DEFAULT,CASH,TRANSFER_DIRECT_DEBIT_INBOUND,,,,,,-29.9,,,EUR,,,,SEPA Direct Debit transfer to Example Fitness Club (DE00EXAMPLE0000000000),37ef43d7-0000-074c-2b7b-d932c2819f5a,,,,
2025-06-02T12:00:00.000000Z,2025-06-02,DEFAULT,CASH,CARD_TRANSACTION,,CITY SUPERMARKET,,,,-44.34,,,EUR,,,,CITY SUPERMARKET,60210e08-51f6-6733-69d3-c1efbce1916e,,,,5411.0
2025-06-02T19:14:00.000000Z,2025-06-02,DEFAULT,CASH,CARD_TRANSACTION,,FUEL STATION,,,,-70.62,,,EUR,,,,FUEL STATION,153b191a-96ed-7764-68ea-8f7f668ae567,,,,5541.0
2025-06-03T17:42:00.000000Z,2025-06-03,DEFAULT,CASH,CARD_TRANSACTION,,COFFEE CORNER,,,,-6.8,,,EUR,,,,COFFEE CORNER,49954f0b-7ef8-d006-6e74-5f17a4b69504,,,,5814.0
2025-06-04T14:47:00.000000Z,2025-06-04,DEFAULT,CASH,CARD_TRANSACTION,,CITY PHARMACY,,,,-23.64,,,EUR,,,,CITY PHARMACY,2bb24a5e-0871-0b96-6679-4f9cd3be79cb,,,,5912.0
2025-06-05T03:00:00.000000Z,2025-06-05,DEFAULT,CASH,CARD_TRANSACTION,,MUSICBOX,,,,-10.99,,,EUR,,,,MUSICBOX,3bf4b49c-82c8-865b-723c-ed4040fd22a1,,,,5815.0
2025-06-05T03:00:00.000000Z,2025-06-05,DEFAULT,CASH,CARD_TRANSACTION,,STREAMFLIX,,,,-12.99,,,EUR,,,,STREAMFLIX,67f958a9-dd82-60db-5ad2-cf4dc79fddb7,,,,4899.0
2025-06-08T11:49:00.000000Z,2025-06-08,DEFAULT,CASH,CARD_TRANSACTION,,COFFEE CORNER,,,,-6.65,,,EUR,,,,COFFEE CORNER,663d6f31-f611-0d0e-5510-f2ab00a3a45d,,,,5814.0
2025-06-08T15:40:00.000000Z,2025-06-08,DEFAULT,CASH,CARD_TRANSACTION,,CITY SUPERMARKET,,,,-55.31,,,EUR,,,,CITY SUPERMARKET,421f1d06-1fc2-c778-4d4e-0f0c56a3f11f,,,,5411.0
2025-06-10T13:28:00.000000Z,2025-06-10,DEFAULT,CASH,CARD_TRANSACTION,,CITY SUPERMARKET,,,,-17.8,,,EUR,,,,CITY SUPERMARKET,53d6e80c-bab2-df14-7f6e-5b268a4a4710,,,,5411.0
2025-06-11T19:54:00.000000Z,2025-06-11,DEFAULT,CASH,CARD_TRANSACTION,,TRATTORIA ROMA,,,,-26.45,,,EUR,,,,TRATTORIA ROMA,774604b3-4ac9-7c73-491d-838bf34784c8,,,,5812.0
2025-06-12T15:09:00.000000Z,2025-06-12,DEFAULT,CASH,CARD_TRANSACTION,,CITY SUPERMARKET,,,,-52.41,,,EUR,,,,CITY SUPERMARKET,6df29b27-6688-f461-0fa7-2efd76ec27fe,,,,5411.0
2025-06-12T17:04:00.000000Z,2025-06-12,DEFAULT,CASH,CARD_TRANSACTION,,COFFEE CORNER,,,,-7.63,,,EUR,,,,COFFEE CORNER,327c8c82-1ab6-7855-4861-2fe8b45dddff,,,,5814.0
2025-06-14T14:06:00.000000Z,2025-06-14,DEFAULT,CASH,CARD_TRANSACTION,,COFFEE CORNER,,,,-4.13,,,EUR,,,,COFFEE CORNER,6b9bee9f-284f-fc5b-32c2-3d57d8468784,,,,5814.0
2025-06-16T09:38:00.000000Z,2025-06-16,DEFAULT,CASH,CARD_TRANSACTION,,CITY SUPERMARKET,,,,-67.1,,,EUR,,,,CITY SUPERMARKET,24821fe1-29b3-2cdb-58ac-bd20c63f606b,,,,5411.0
2025-06-17T18:23:00.000000Z,2025-06-17,DEFAULT,CASH,CARD_TRANSACTION,,METRO TRANSIT,,,,-3.63,,,EUR,,,,METRO TRANSIT,4993b9c8-de9a-e0e9-3bcf-9d1cb1d655eb,,,,4111.0
2025-06-19T09:55:00.000000Z,2025-06-19,DEFAULT,CASH,CARD_TRANSACTION,,CITY SUPERMARKET,,,,-13.51,,,EUR,,,,CITY SUPERMARKET,6b0897eb-a4bc-14f6-09d2-a15b2d704d7d,,,,5411.0
2025-06-20T14:29:00.000000Z,2025-06-20,DEFAULT,CASH,CARD_TRANSACTION,,CORNER BAKERY,,,,-7.64,,,EUR,,,,CORNER BAKERY,22b4a571-0b0b-49ea-3f43-e784914e89e8,,,,5462.0
2025-06-21T11:59:00.000000Z,2025-06-21,DEFAULT,CASH,CARD_TRANSACTION,,TRATTORIA ROMA,,,,-36.37,,,EUR,,,,TRATTORIA ROMA,71a22cb1-eaa9-b652-50a8-d1d9c590bad1,,,,5812.0
2025-06-22T10:21:00.000000Z,2025-06-22,DEFAULT,CASH,CARD_TRANSACTION,,CITY SUPERMARKET,,,,-37.82,,,EUR,,,,CITY SUPERMARKET,2acc487b-eefb-7945-153f-41771a3080c8,,,,5411.0
2025-06-25T09:34:00.000000Z,2025-06-25,DEFAULT,CASH,CARD_TRANSACTION,,FASHION STORE,,,,-52.1,,,EUR,,,,FASHION STORE,5e9d32da-644e-e13c-1e90-84862e18db45,,,,5651.0
2025-06-25T11:47:00.000000Z,2025-06-25,DEFAULT,CASH,CARD_TRANSACTION,,CORNER BAKERY,,,,-5.11,,,EUR,,,,CORNER BAKERY,717d9a05-a6bd-92a4-68dd-7dd5f5e9c78e,,,,5462.0
2025-06-27T07:00:00.000000Z,2025-06-27,DEFAULT,CASH,TRANSFER_INBOUND,,,,,,2613.11,,,EUR,,,,Incoming transfer from Example Employer GmbH,7384ca8f-8657-5f77-6a1f-8abbf943abb8,,,,
2025-06-27T10:50:00.000000Z,2025-06-27,DEFAULT,CASH,CARD_TRANSACTION,,COFFEE CORNER,,,,-7.97,,,EUR,,,,COFFEE CORNER,35c7e57b-96b2-b52e-682e-639d9df67f35,,,,5814.0
2025-06-27T11:36:00.000000Z,2025-06-27,DEFAULT,CASH,CARD_TRANSACTION,,METRO TRANSIT,,,,-7.03,,,EUR,,,,METRO TRANSIT,3306cb22-2481-55e2-3c66-9651bfb926f0,,,,4111.0
2025-06-29T09:25:00.000000Z,2025-06-29,DEFAULT,CASH,CARD_TRANSACTION,,TRATTORIA ROMA,,,,-38.73,,,EUR,,,,TRATTORIA ROMA,2bda64de-ac38-6af1-24ef-4e1007a5e23f,,,,5812.0
2025-06-29T17:45:00.000000Z,2025-06-29,DEFAULT,CASH,CARD_TRANSACTION,,CORNER BAKERY,,,,-3.19,,,EUR,,,,CORNER BAKERY,1273bdd0-0d08-fbe0-4e9e-10ff3b25b369,,,,5462.0
2025-06-29T20:34:00.000000Z,2025-06-29,DEFAULT,CASH,CARD_TRANSACTION,,CORNER BAKERY,,,,-5.47,,,EUR,,,,CORNER BAKERY,556d42df-eb12-a596-3a76-a3c7c2dd4027,,,,5462.0
2025-06-30T08:14:00.000000Z,2025-06-30,DEFAULT,CASH,CARD_TRANSACTION,,CITY SUPERMARKET,,,,-38.9,,,EUR,,,,CITY SUPERMARKET,03f7a321-6fbb-855c-4f0f-cafa686d7f2e,,,,5411.0
2025-06-30T15:01:00.000000Z,2025-06-30,DEFAULT,CASH,CARD_TRANSACTION,,FUEL STATION,,,,-53.77,,,EUR,,,,FUEL STATION,6f7430f0-f7ce-570a-5829-08526cfd9fa3,,,,5541.0
2025-07-01T06:00:00.000000Z,2025-07-01,DEFAULT,CASH,INTEREST_PAYMENT,,,,,,4.01,,0.0,EUR,,,,Your interest payment,7ed4e8cb-c352-4788-018d-d54233bb4d79,,,,
2025-07-01T08:35:00.000000Z,2025-07-01,DEFAULT,CASH,CARD_TRANSACTION,,CORNER BAKERY,,,,-5.67,,,EUR,,,,CORNER BAKERY,5671b007-8b59-3a83-6ba9-d2808719ad05,,,,5462.0
2025-07-02T09:05:00.000000Z,2025-07-02,DEFAULT,TRADING,BUY,FUND,Vanguard FTSE All-World (Acc),IE00EXAMPLE01,1.616379,129.92,-210.0,-0.0,,EUR,,,,,7c6a4f84-e68b-187d-1fa6-1a78096be69f,,,,
2025-07-02T09:05:00.000000Z,2025-07-02,DEFAULT,TRADING,BUY,FUND,iShares MSCI EM (Acc),IE00EXAMPLE02,1.554203,38.605,-60.0,-0.0,,EUR,,,,,1ff532f0-267d-bdd9-11db-1926e9e46136,,,,
2025-07-02T09:05:00.000000Z,2025-07-02,DEFAULT,TRADING,BUY,FUND,Xetra-Gold,IE00EXAMPLE03,0.328947,91.2,-30.0,-0.0,,EUR,,,,,6e26f253-03ce-783a-1cfa-9837fb13089b,,,,
2025-07-02T11:00:00.000000Z,2025-07-02,DEFAULT,CASH,TRANSFER_DIRECT_DEBIT_INBOUND,,,,,,-750.0,,,EUR,,,,SEPA Direct Debit transfer to Example Immobilien GmbH (DE00EXAMPLE0000000000),4192aff6-4229-71d4-675a-6f8576184d18,,,,
2025-07-03T11:00:00.000000Z,2025-07-03,DEFAULT,CASH,TRANSFER_DIRECT_DEBIT_INBOUND,,,,,,-29.9,,,EUR,,,,SEPA Direct Debit transfer to Example Fitness Club (DE00EXAMPLE0000000000),2d79dd90-a037-f4a7-3486-10ce557355f2,,,,
2025-07-03T16:13:00.000000Z,2025-07-03,DEFAULT,CASH,CARD_TRANSACTION,,CORNER BAKERY,,,,-4.3,,,EUR,,,,CORNER BAKERY,588fb0d2-e182-1201-57ea-afc31e903ba6,,,,5462.0
2025-07-05T03:00:00.000000Z,2025-07-05,DEFAULT,CASH,CARD_TRANSACTION,,STREAMFLIX,,,,-12.99,,,EUR,,,,STREAMFLIX,0f2a8655-f609-ff87-1bbf-e91af0be7d92,,,,4899.0
2025-07-05T03:00:00.000000Z,2025-07-05,DEFAULT,CASH,CARD_TRANSACTION,,MUSICBOX,,,,-10.99,,,EUR,,,,MUSICBOX,23251e24-0f48-8fd6-335e-0189127335de,,,,5815.0
2025-07-05T08:13:00.000000Z,2025-07-05,DEFAULT,CASH,CARD_TRANSACTION,,CORNER BAKERY,,,,-5.13,,,EUR,,,,CORNER BAKERY,5305383b-d3f9-088c-41cc-54cf47011907,,,,5462.0
2025-07-06T18:22:00.000000Z,2025-07-06,DEFAULT,CASH,CARD_TRANSACTION,,METRO TRANSIT,,,,-6.94,,,EUR,,,,METRO TRANSIT,1f67d586-e11b-1042-1ace-835e61146098,,,,4111.0
2025-07-07T15:52:00.000000Z,2025-07-07,DEFAULT,CASH,CARD_TRANSACTION,,CITY SUPERMARKET,,,,-58.26,,,EUR,,,,CITY SUPERMARKET,6f51d0a3-f3fe-af3a-5966-1b5c411c0d46,,,,5411.0
2025-07-07T17:00:00.000000Z,2025-07-07,DEFAULT,CASH,CARD_TRANSACTION,,FUEL STATION,,,,-54.5,,,EUR,,,,FUEL STATION,433c7a8c-5790-5eac-28ab-201e9b7a9c1d,,,,5541.0
2025-07-08T13:06:00.000000Z,2025-07-08,DEFAULT,CASH,CARD_TRANSACTION,,COFFEE CORNER,,,,-4.44,,,EUR,,,,COFFEE CORNER,56ee3c45-5663-b94e-06eb-406e4e09e25f,,,,5814.0
2025-07-09T11:38:00.000000Z,2025-07-09,DEFAULT,CASH,CARD_TRANSACTION,,TRATTORIA ROMA,,,,-45.05,,,EUR,,,,TRATTORIA ROMA,1787064c-660d-2969-1537-647ef3a6e5b9,,,,5812.0
2025-07-11T08:29:00.000000Z,2025-07-11,DEFAULT,CASH,CARD_TRANSACTION,,TRATTORIA ROMA,,,,-20.27,,,EUR,,,,TRATTORIA ROMA,4c4512c5-b9bf-a611-0f3c-2eefcdc64592,,,,5812.0
2025-07-11T13:01:00.000000Z,2025-07-11,DEFAULT,CASH,CARD_TRANSACTION,,COFFEE CORNER,,,,-5.79,,,EUR,,,,COFFEE CORNER,242a1656-c2bc-1203-4c61-876fe21ef735,,,,5814.0
2025-07-11T13:44:00.000000Z,2025-07-11,DEFAULT,CASH,CARD_TRANSACTION,,TRATTORIA ROMA,,,,-54.57,,,EUR,,,,TRATTORIA ROMA,6c5d5491-e770-166a-4a32-741a0a75f68b,,,,5812.0
2025-07-14T15:03:00.000000Z,2025-07-14,DEFAULT,CASH,CARD_TRANSACTION,,CITY PHARMACY,,,,-24.19,,,EUR,,,,CITY PHARMACY,30302682-5c06-d915-30ab-8f42cfbdb7b2,,,,5912.0
2025-07-15T14:06:00.000000Z,2025-07-15,DEFAULT,CASH,CARD_TRANSACTION,,FUEL STATION,,,,-54.52,,,EUR,,,,FUEL STATION,0fda8ad2-eade-6018-3489-58a0ebdd5b7d,,,,5541.0
2025-07-15T20:38:00.000000Z,2025-07-15,DEFAULT,CASH,CARD_TRANSACTION,,METRO TRANSIT,,,,-5.43,,,EUR,,,,METRO TRANSIT,2f943c0c-42eb-5978-05d8-43034e3e183f,,,,4111.0
2025-07-17T16:51:00.000000Z,2025-07-17,DEFAULT,CASH,CARD_TRANSACTION,,TRATTORIA ROMA,,,,-43.14,,,EUR,,,,TRATTORIA ROMA,629c50df-e068-78b9-7fc5-f36c2b20ba73,,,,5812.0
2025-07-18T18:10:00.000000Z,2025-07-18,DEFAULT,CASH,CARD_TRANSACTION,,CITY SUPERMARKET,,,,-42.72,,,EUR,,,,CITY SUPERMARKET,5a75030f-20e1-ee70-49a3-43d78bf0cc11,,,,5411.0
2025-07-21T15:17:00.000000Z,2025-07-21,DEFAULT,CASH,CARD_TRANSACTION,,FUEL STATION,,,,-41.27,,,EUR,,,,FUEL STATION,4f8bf2f5-e004-1151-3a97-110c71fd27fb,,,,5541.0
2025-07-22T11:11:00.000000Z,2025-07-22,DEFAULT,CASH,CARD_TRANSACTION,,CITY SUPERMARKET,,,,-31.38,,,EUR,,,,CITY SUPERMARKET,22d26073-46af-43f6-3ae2-82204bf4470b,,,,5411.0
2025-07-24T09:15:00.000000Z,2025-07-24,DEFAULT,CASH,CARD_TRANSACTION,,CORNER BAKERY,,,,-3.81,,,EUR,,,,CORNER BAKERY,0ef8207e-bce8-4821-0d39-aef364c413af,,,,5462.0
2025-07-27T07:00:00.000000Z,2025-07-27,DEFAULT,CASH,TRANSFER_INBOUND,,,,,,2665.61,,,EUR,,,,Incoming transfer from Example Employer GmbH,15cf6393-ad1a-bfb7-5247-64ccc77a7161,,,,
2025-07-27T13:32:00.000000Z,2025-07-27,DEFAULT,CASH,CARD_TRANSACTION,,METRO TRANSIT,,,,-10.44,,,EUR,,,,METRO TRANSIT,578838fd-6110-0e29-5253-5066ad356cca,,,,4111.0
2025-07-27T14:46:00.000000Z,2025-07-27,DEFAULT,CASH,CARD_TRANSACTION,,CITY SUPERMARKET,,,,-23.96,,,EUR,,,,CITY SUPERMARKET,17e48b37-6320-9601-3f9e-8afd62a9f4d2,,,,5411.0
2025-07-29T19:57:00.000000Z,2025-07-29,DEFAULT,CASH,CARD_TRANSACTION,,COFFEE CORNER,,,,-7.9,,,EUR,,,,COFFEE CORNER,5e99ff58-76e3-b486-3b8c-150f8747bd29,,,,5814.0
2025-07-30T18:59:00.000000Z,2025-07-30,DEFAULT,CASH,CARD_TRANSACTION,,CORNER BAKERY,,,,-3.97,,,EUR,,,,CORNER BAKERY,66566dd7-2657-2881-7197-12d29c025e84,,,,5462.0
2025-07-31T08:56:00.000000Z,2025-07-31,DEFAULT,CASH,CARD_TRANSACTION,,CITY SUPERMARKET,,,,-53.99,,,EUR,,,,CITY SUPERMARKET,6b2f61be-c429-e2d4-0a57-2cc00dde88c4,,,,5411.0
2025-07-31T09:18:00.000000Z,2025-07-31,DEFAULT,CASH,CARD_TRANSACTION,,CITY SUPERMARKET,,,,-22.15,,,EUR,,,,CITY SUPERMARKET,61e55c11-1b47-d6d7-2e26-ff5f6e31cf22,,,,5411.0
2025-08-01T06:00:00.000000Z,2025-08-01,DEFAULT,CASH,INTEREST_PAYMENT,,,,,,5.93,,0.0,EUR,,,,Your interest payment,4f0f7da1-c8e9-ed61-4e1d-fb2bd29e5dd8,,,,
2025-08-02T11:00:00.000000Z,2025-08-02,DEFAULT,CASH,TRANSFER_DIRECT_DEBIT_INBOUND,,,,,,-29.9,,,EUR,,,,SEPA Direct Debit transfer to Example Fitness Club (DE00EXAMPLE0000000000),1a1d1a50-33ab-2840-4fc0-ce996f2aae9a,,,,
2025-08-04T09:05:00.000000Z,2025-08-04,DEFAULT,TRADING,BUY,FUND,Vanguard FTSE All-World (Acc),IE00EXAMPLE01,1.573741,133.44,-210.0,-0.0,,EUR,,,,,0bf9fbbb-18ec-b8dc-465b-b2aca845f55c,,,,
2025-08-04T09:05:00.000000Z,2025-08-04,DEFAULT,TRADING,BUY,FUND,iShares MSCI EM (Acc),IE00EXAMPLE02,1.517451,39.54,-60.0,-0.0,,EUR,,,,,2a1f2017-2789-c826-4631-e5a2bc1a6267,,,,
2025-08-04T09:05:00.000000Z,2025-08-04,DEFAULT,TRADING,BUY,FUND,Xetra-Gold,IE00EXAMPLE03,0.319761,93.82,-30.0,-0.0,,EUR,,,,,1c64b4ba-2a5d-20de-0319-f28db4669940,,,,
2025-08-04T11:00:00.000000Z,2025-08-04,DEFAULT,CASH,TRANSFER_DIRECT_DEBIT_INBOUND,,,,,,-750.0,,,EUR,,,,SEPA Direct Debit transfer to Example Immobilien GmbH (DE00EXAMPLE0000000000),7e4c206d-45a5-2679-0b51-f62addd746ae,,,,
2025-08-04T11:55:00.000000Z,2025-08-04,DEFAULT,CASH,CARD_TRANSACTION,,CORNER BAKERY,,,,-4.92,,,EUR,,,,CORNER BAKERY,24489961-eb3f-2fe3-4973-c34a945678ef,,,,5462.0
2025-08-05T03:00:00.000000Z,2025-08-05,DEFAULT,CASH,CARD_TRANSACTION,,MUSICBOX,,,,-10.99,,,EUR,,,,MUSICBOX,717abace-9a73-be98-0c7c-584ebe728a5d,,,,5815.0
2025-08-05T03:00:00.000000Z,2025-08-05,DEFAULT,CASH,CARD_TRANSACTION,,STREAMFLIX,,,,-12.99,,,EUR,,,,STREAMFLIX,7596cd56-d720-e8cf-1fd4-92426505116d,,,,4899.0
2025-08-05T09:47:00.000000Z,2025-08-05,DEFAULT,CASH,CARD_TRANSACTION,,CORNER BAKERY,,,,-8.82,,,EUR,,,,CORNER BAKERY,0ce5c0e6-f4ac-61bd-4bcc-83585f21ef30,,,,5462.0
2025-08-05T11:41:00.000000Z,2025-08-05,DEFAULT,CASH,CARD_TRANSACTION,,CITY SUPERMARKET,,,,-46.11,,,EUR,,,,CITY SUPERMARKET,2ebe5f52-3ccb-5f7e-5940-8bd8abd3f9d7,,,,5411.0
2025-08-07T12:41:00.000000Z,2025-08-07,DEFAULT,CASH,CARD_TRANSACTION,,CORNER BAKERY,,,,-3.07,,,EUR,,,,CORNER BAKERY,1fbcba1e-299c-627f-74fe-9c03d72dcce1,,,,5462.0
2025-08-07T18:28:00.000000Z,2025-08-07,DEFAULT,CASH,CARD_TRANSACTION,,CITY SUPERMARKET,,,,-30.65,,,EUR,,,,CITY SUPERMARKET,0afe51be-5b1b-acc2-1f4f-f11f750714dd,,,,5411.0
2025-08-08T16:45:00.000000Z,2025-08-08,DEFAULT,CASH,CARD_TRANSACTION,,FUEL STATION,,,,-55.66,,,EUR,,,,FUEL STATION,5ff01b56-31cc-47db-7cda-0c839af572ca,,,,5541.0
2025-08-09T20:56:00.000000Z,2025-08-09,DEFAULT,CASH,CARD_TRANSACTION,,CORNER BAKERY,,,,-7.92,,,EUR,,,,CORNER BAKERY,53b32c53-98dd-a46e-5ae1-4f93570bee8b,,,,5462.0
2025-08-10T14:16:00.000000Z,2025-08-10,DEFAULT,CASH,CARD_TRANSACTION,,COFFEE CORNER,,,,-6.54,,,EUR,,,,COFFEE CORNER,795ce740-6279-ab5e-0bb8-3b8f1fd7b4c4,,,,5814.0
2025-08-11T17:35:00.000000Z,2025-08-11,DEFAULT,CASH,CARD_TRANSACTION,,METRO TRANSIT,,,,-8.14,,,EUR,,,,METRO TRANSIT,28363a35-1667-171c-1215-c446b51ba612,,,,4111.0
2025-08-12T11:22:00.000000Z,2025-08-12,DEFAULT,CASH,CARD_TRANSACTION,,CITY PHARMACY,,,,-29.63,,,EUR,,,,CITY PHARMACY,5a617037-907e-b69d-4f13-9c0c5bd98d66,,,,5912.0
2025-08-15T10:00:00.000000Z,2025-08-15,DEFAULT,CASH,DIVIDEND,STOCK,Microsoft,US0EXAMPLE05,3.883223,,2.5,,,EUR,2.91,USD,1.1651,,103ce84e-da81-9c07-12c2-0be198c92f89,,,,
2025-08-15T10:00:00.000000Z,2025-08-15,DEFAULT,CASH,DIVIDEND,STOCK,Apple,US0EXAMPLE04,7.696065,,1.59,,,EUR,1.85,USD,1.1651,,787eb5eb-3f0c-922c-0ddd-0a5f32ef82a6,,,,
2025-08-15T13:16:00.000000Z,2025-08-15,DEFAULT,CASH,CARD_TRANSACTION,,METRO TRANSIT,,,,-10.74,,,EUR,,,,METRO TRANSIT,4d1bffbf-8095-aec1-3061-eeced1fd93a3,,,,4111.0
2025-08-16T08:57:00.000000Z,2025-08-16,DEFAULT,CASH,CARD_TRANSACTION,,TRATTORIA ROMA,,,,-23.93,,,EUR,,,,TRATTORIA ROMA,4e21d3b9-1a57-6db9-653b-11904d6017dd,,,,5812.0
2025-08-16T15:34:00.000000Z,2025-08-16,DEFAULT,CASH,CARD_TRANSACTION,,CITY SUPERMARKET,,,,-44.66,,,EUR,,,,CITY SUPERMARKET,70e255ef-dbe9-8925-555a-cb08f65cd04c,,,,5411.0
2025-08-16T17:05:00.000000Z,2025-08-16,DEFAULT,CASH,CARD_TRANSACTION,,TRATTORIA ROMA,,,,-40.43,,,EUR,,,,TRATTORIA ROMA,087e3fa9-18a5-877f-1ee2-b42ddf6c2ba0,,,,5812.0
2025-08-17T14:09:00.000000Z,2025-08-17,DEFAULT,CASH,CARD_TRANSACTION,,CITY SUPERMARKET,,,,-38.46,,,EUR,,,,CITY SUPERMARKET,13d68de7-aa45-9888-1f3f-4b39e941c83d,,,,5411.0
2025-08-17T20:10:00.000000Z,2025-08-17,DEFAULT,CASH,CARD_TRANSACTION,,CORNER BAKERY,,,,-5.81,,,EUR,,,,CORNER BAKERY,534dd0f9-1993-7ddd-1068-452a2076b346,,,,5462.0
2025-08-18T08:52:00.000000Z,2025-08-18,DEFAULT,CASH,CARD_TRANSACTION,,CITY SUPERMARKET,,,,-51.1,,,EUR,,,,CITY SUPERMARKET,07adc798-4d49-dcd6-4b7e-3cfa15ab0be1,,,,5411.0
2025-08-18T20:49:00.000000Z,2025-08-18,DEFAULT,CASH,CARD_TRANSACTION,,TRATTORIA ROMA,,,,-29.45,,,EUR,,,,TRATTORIA ROMA,46442462-74f8-2861-4810-bc90eefa5105,,,,5812.0
2025-08-19T13:46:00.000000Z,2025-08-19,DEFAULT,CASH,CARD_TRANSACTION,,COFFEE CORNER,,,,-5.95,,,EUR,,,,COFFEE CORNER,0e2d1101-c45e-7256-0a2d-3d00aa78405e,,,,5814.0
2025-08-20T18:38:00.000000Z,2025-08-20,DEFAULT,CASH,CARD_TRANSACTION,,COFFEE CORNER,,,,-4.22,,,EUR,,,,COFFEE CORNER,5f724746-a3f0-25d4-0ad0-451e08ef9a64,,,,5814.0
2025-08-21T08:09:00.000000Z,2025-08-21,DEFAULT,CASH,CARD_TRANSACTION,,CITY SUPERMARKET,,,,-24.9,,,EUR,,,,CITY SUPERMARKET,684ddada-10bf-939c-1596-27cdfebdd9ef,,,,5411.0
2025-08-21T11:51:00.000000Z,2025-08-21,DEFAULT,CASH,CARD_TRANSACTION,,CITY SUPERMARKET,,,,-14.0,,,EUR,,,,CITY SUPERMARKET,5abbfe1a-2391-72a9-7fec-0341639a0e43,,,,5411.0
2025-08-24T17:15:00.000000Z,2025-08-24,DEFAULT,CASH,CARD_TRANSACTION,,COFFEE CORNER,,,,-7.45,,,EUR,,,,COFFEE CORNER,618b9bd7-3e88-086e-595e-4c45b9732c78,,,,5814.0
2025-08-27T07:00:00.000000Z,2025-08-27,DEFAULT,CASH,TRANSFER_INBOUND,,,,,,2578.65,,,EUR,,,,Incoming transfer from Example Employer GmbH,002070ab-c4be-9c14-14b8-229d0ffbcfd3,,,,
2025-08-31T09:46:00.000000Z,2025-08-31,DEFAULT,CASH,CARD_TRANSACTION,,CORNER BAKERY,,,,-3.89,,,EUR,,,,CORNER BAKERY,74e9ac0e-bbf8-5aae-4249-d85ce5d66aed,,,,5462.0
2025-08-31T13:55:00.000000Z,2025-08-31,DEFAULT,CASH,CARD_TRANSACTION,,CITY SUPERMARKET,,,,-44.93,,,EUR,,,,CITY SUPERMARKET,5a29ad4b-4e6a-97c8-1318-77a36fa810fb,,,,5411.0
2025-09-01T06:00:00.000000Z,2025-09-01,DEFAULT,CASH,INTEREST_PAYMENT,,,,,,3.77,,0.0,EUR,,,,Your interest payment,1f4afc02-11c1-d94c-70ff-e56d1510bf96,,,,
2025-09-02T09:05:00.000000Z,2025-09-02,DEFAULT,TRADING,BUY,FUND,Vanguard FTSE All-World (Acc),IE00EXAMPLE01,1.5625,134.4,-210.0,-0.0,,EUR,,,,,3f6daf38-eeb6-4483-4f05-3ad23b0ac13e,,,,
2025-09-02T09:05:00.000000Z,2025-09-02,DEFAULT,TRADING,BUY,FUND,iShares MSCI EM (Acc),IE00EXAMPLE02,1.499438,40.015,-60.0,-0.0,,EUR,,,,,1369b766-9950-f119-1b97-d22f6c00e768,,,,
2025-09-02T09:05:00.000000Z,2025-09-02,DEFAULT,TRADING,BUY,FUND,Xetra-Gold,IE00EXAMPLE03,0.309518,96.925,-30.0,-0.0,,EUR,,,,,228c0fcb-c08e-5b35-4c84-088f1d7fa550,,,,
2025-09-02T11:00:00.000000Z,2025-09-02,DEFAULT,CASH,TRANSFER_DIRECT_DEBIT_INBOUND,,,,,,-750.0,,,EUR,,,,SEPA Direct Debit transfer to Example Immobilien GmbH (DE00EXAMPLE0000000000),3917913f-8917-be91-3471-15ba74fb7af9,,,,
2025-09-02T11:00:00.000000Z,2025-09-02,DEFAULT,CASH,TRANSFER_DIRECT_DEBIT_INBOUND,,,,,,-29.9,,,EUR,,,,SEPA Direct Debit transfer to Example Fitness Club (DE00EXAMPLE0000000000),1749e821-535b-f2f7-5da5-f43c124bdb78,,,,
2025-09-04T15:18:00.000000Z,2025-09-04,DEFAULT,CASH,CARD_TRANSACTION,,CITY SUPERMARKET,,,,-23.91,,,EUR,,,,CITY SUPERMARKET,3a100786-bb75-089a-45fd-fbc45f6f787a,,,,5411.0
2025-09-04T19:44:00.000000Z,2025-09-04,DEFAULT,CASH,CARD_TRANSACTION,,CITY PHARMACY,,,,-5.11,,,EUR,,,,CITY PHARMACY,40ed0cae-04c2-5d0d-77f0-1b884ffed33f,,,,5912.0
2025-09-05T03:00:00.000000Z,2025-09-05,DEFAULT,CASH,CARD_TRANSACTION,,MUSICBOX,,,,-10.99,,,EUR,,,,MUSICBOX,2d04957d-503d-f841-59c3-3de7164cb14f,,,,5815.0
2025-09-05T03:00:00.000000Z,2025-09-05,DEFAULT,CASH,CARD_TRANSACTION,,STREAMFLIX,,,,-12.99,,,EUR,,,,STREAMFLIX,0e03ae41-9b12-7e87-0c34-8abd7d931cbb,,,,4899.0
2025-09-05T10:45:00.000000Z,2025-09-05,DEFAULT,CASH,CARD_TRANSACTION,,CITY SUPERMARKET,,,,-27.7,,,EUR,,,,CITY SUPERMARKET,22ec4a0e-7fb1-75e1-14c2-4fe65352bc47,,,,5411.0
2025-09-06T11:33:00.000000Z,2025-09-06,DEFAULT,CASH,CARD_TRANSACTION,,FUEL STATION,,,,-43.29,,,EUR,,,,FUEL STATION,13c03968-c855-9d1c-7745-0bccc8cf4a29,,,,5541.0
2025-09-06T12:42:00.000000Z,2025-09-06,DEFAULT,CASH,CARD_TRANSACTION,,CITY SUPERMARKET,,,,-50.07,,,EUR,,,,CITY SUPERMARKET,39c429b7-8099-0d62-50f3-ff8b3cd594de,,,,5411.0
2025-09-06T17:45:00.000000Z,2025-09-06,DEFAULT,CASH,CARD_TRANSACTION,,CITY SUPERMARKET,,,,-49.17,,,EUR,,,,CITY SUPERMARKET,5687ca0e-87a7-d636-2a6d-c029ca3231d8,,,,5411.0
2025-09-06T18:54:00.000000Z,2025-09-06,DEFAULT,CASH,CARD_TRANSACTION,,COFFEE CORNER,,,,-4.56,,,EUR,,,,COFFEE CORNER,7db9bc49-635e-5db2-7b70-60cd0f6a28ac,,,,5814.0
2025-09-08T10:13:00.000000Z,2025-09-08,DEFAULT,CASH,CARD_TRANSACTION,,CITY SUPERMARKET,,,,-50.24,,,EUR,,,,CITY SUPERMARKET,63f5274b-a6b8-e0cc-6166-e84068de7932,,,,5411.0
2025-09-09T18:24:00.000000Z,2025-09-09,DEFAULT,CASH,CARD_TRANSACTION,,COFFEE CORNER,,,,-6.68,,,EUR,,,,COFFEE CORNER,5b198bed-08a1-6921-6de1-2e6392ef053a,,,,5814.0
2025-09-11T17:15:00.000000Z,2025-09-11,DEFAULT,CASH,CARD_TRANSACTION,,CITY PHARMACY,,,,-17.29,,,EUR,,,,CITY PHARMACY,163e5230-e9bb-5de3-0762-7935035b6004,,,,5912.0
2025-09-18T11:17:00.000000Z,2025-09-18,DEFAULT,CASH,CARD_TRANSACTION,,BOOK HOUSE,,,,-10.67,,,EUR,,,,BOOK HOUSE,46d6d6d1-1f5e-94da-5997-0cb73e4716e3,,,,5942.0
2025-09-19T11:09:00.000000Z,2025-09-19,DEFAULT,CASH,CARD_TRANSACTION,,CITY SUPERMARKET,,,,-67.29,,,EUR,,,,CITY SUPERMARKET,19038252-9c56-f9f0-7acc-f0a386efe1aa,,,,5411.0
2025-09-19T16:43:00.000000Z,2025-09-19,DEFAULT,CASH,CARD_TRANSACTION,,CORNER BAKERY,,,,-5.56,,,EUR,,,,CORNER BAKERY,73576b3d-1df3-90eb-0c95-a357c517e691,,,,5462.0
2025-09-20T11:11:00.000000Z,2025-09-20,DEFAULT,CASH,CARD_TRANSACTION,,COFFEE CORNER,,,,-3.0,,,EUR,,,,COFFEE CORNER,4c9c94df-1522-bfe8-2d4b-3d69a67fefbe,,,,5814.0
2025-09-21T19:19:00.000000Z,2025-09-21,DEFAULT,CASH,CARD_TRANSACTION,,CITY SUPERMARKET,,,,-31.21,,,EUR,,,,CITY SUPERMARKET,3a2289b0-e53a-806a-185f-aa9487ffb359,,,,5411.0
2025-09-22T16:26:00.000000Z,2025-09-22,DEFAULT,CASH,CARD_TRANSACTION,,CITY SUPERMARKET,,,,-66.39,,,EUR,,,,CITY SUPERMARKET,26a12a06-a403-9401-20a9-f39e572d2bed,,,,5411.0
2025-09-22T18:36:00.000000Z,2025-09-22,DEFAULT,CASH,CARD_TRANSACTION,,METRO TRANSIT,,,,-11.88,,,EUR,,,,METRO TRANSIT,560396de-544b-03cf-5afa-3be61643e17b,,,,4111.0
2025-09-23T16:31:00.000000Z,2025-09-23,DEFAULT,CASH,CARD_TRANSACTION,,SKYLINE AIRLINES,,,,-171.67,,,EUR,,,,SKYLINE AIRLINES,00767f42-8af6-a752-0802-54901de2beaa,,,,4511.0
2025-09-24T19:23:00.000000Z,2025-09-24,DEFAULT,CASH,CARD_TRANSACTION,,CITY SUPERMARKET,,,,-65.13,,,EUR,,,,CITY SUPERMARKET,6cd565d8-96c8-5af4-7b77-659bb1f39fcc,,,,5411.0
2025-09-25T09:23:00.000000Z,2025-09-25,DEFAULT,CASH,CARD_TRANSACTION,,COFFEE CORNER,,,,-4.66,,,EUR,,,,COFFEE CORNER,08fd6837-85ea-d602-0748-ee8aed1949a3,,,,5814.0
2025-09-27T07:00:00.000000Z,2025-09-27,DEFAULT,CASH,TRANSFER_INBOUND,,,,,,2592.18,,,EUR,,,,Incoming transfer from Example Employer GmbH,64340a69-0345-ea19-4eab-6aa5cdbe7db9,,,,
2025-09-27T09:27:00.000000Z,2025-09-27,DEFAULT,CASH,CARD_TRANSACTION,,CITY SUPERMARKET,,,,-14.75,,,EUR,,,,CITY SUPERMARKET,0ab22921-a1ec-01a3-31f4-9190a91f7eb5,,,,5411.0
2025-09-29T09:03:00.000000Z,2025-09-29,DEFAULT,CASH,CARD_TRANSACTION,,COFFEE CORNER,,,,-6.0,,,EUR,,,,COFFEE CORNER,58671f90-0849-efac-0c4f-fc979da88228,,,,5814.0
2025-09-29T16:02:00.000000Z,2025-09-29,DEFAULT,CASH,CARD_TRANSACTION,,CORNER BAKERY,,,,-7.33,,,EUR,,,,CORNER BAKERY,616927a7-c0c4-c76b-6be9-551ac91cbf7e,,,,5462.0
2025-10-01T06:00:00.000000Z,2025-10-01,DEFAULT,CASH,INTEREST_PAYMENT,,,,,,5.25,,0.0,EUR,,,,Your interest payment,614544a8-8450-a4b8-5907-d953a4f3e37d,,,,
2025-10-01T09:09:00.000000Z,2025-10-01,DEFAULT,CASH,CARD_TRANSACTION,,CORNER BAKERY,,,,-3.43,,,EUR,,,,CORNER BAKERY,3d110d26-01d8-a983-2b5a-60e66b894fda,,,,5462.0
2025-10-02T09:05:00.000000Z,2025-10-02,DEFAULT,TRADING,BUY,FUND,Vanguard FTSE All-World (Acc),IE00EXAMPLE01,1.488728,141.06,-210.0,-0.0,,EUR,,,,,5fbb3d5c-ed1b-fa7d-2d6a-2637a083dc96,,,,
2025-10-02T09:05:00.000000Z,2025-10-02,DEFAULT,TRADING,BUY,FUND,iShares MSCI EM (Acc),IE00EXAMPLE02,1.384243,43.345,-60.0,-0.0,,EUR,,,,,01a9c41b-ce31-a5e8-23ea-53f268b15e1c,,,,
2025-10-02T09:05:00.000000Z,2025-10-02,DEFAULT,TRADING,BUY,FUND,Xetra-Gold,IE00EXAMPLE03,0.2849,105.3,-30.0,-0.0,,EUR,,,,,2a511e74-0998-dc87-231a-7a4a6afa775a,,,,
2025-10-04T11:00:00.000000Z,2025-10-04,DEFAULT,CASH,TRANSFER_DIRECT_DEBIT_INBOUND,,,,,,-29.9,,,EUR,,,,SEPA Direct Debit transfer to Example Fitness Club (DE00EXAMPLE0000000000),18f070f9-bba1-f00c-52f4-bdeda5c9af8b,,,,
2025-10-04T11:00:00.000000Z,2025-10-04,DEFAULT,CASH,TRANSFER_DIRECT_DEBIT_INBOUND,,,,,,-750.0,,,EUR,,,,SEPA Direct Debit transfer to Example Immobilien GmbH (DE00EXAMPLE0000000000),11caeb1d-1813-6765-6767-19ff64e6f406,,,,
2025-10-05T03:00:00.000000Z,2025-10-05,DEFAULT,CASH,CARD_TRANSACTION,,MUSICBOX,,,,-10.99,,,EUR,,,,MUSICBOX,6c665fb7-19a3-f422-3408-43a37740dd0c,,,,5815.0
2025-10-05T03:00:00.000000Z,2025-10-05,DEFAULT,CASH,CARD_TRANSACTION,,STREAMFLIX,,,,-12.99,,,EUR,,,,STREAMFLIX,66929a0e-9225-afe1-4d59-f11546705ac6,,,,4899.0
2025-10-08T14:00:00.000000Z,2025-10-08,DEFAULT,CASH,CARD_TRANSACTION,,COFFEE CORNER,,,,-6.78,,,EUR,,,,COFFEE CORNER,3f9d06b7-7a75-46cc-3d57-2aa4ee5059e9,,,,5814.0
2025-10-10T09:05:00.000000Z,2025-10-10,DEFAULT,CASH,CARD_TRANSACTION,,HOTEL SEASIDE,,,,-207.14,,,EUR,,,,HOTEL SEASIDE,01987988-a9d3-6975-378e-7aa37c7e261b,,,,7011.0
2025-10-10T15:10:00.000000Z,2025-10-10,DEFAULT,CASH,CARD_TRANSACTION,,TRATTORIA ROMA,,,,-44.27,,,EUR,,,,TRATTORIA ROMA,5a20915b-48cc-5189-68ef-9205470bd89b,,,,5812.0
2025-10-15T20:29:00.000000Z,2025-10-15,DEFAULT,CASH,CARD_TRANSACTION,,CITY SUPERMARKET,,,,-14.16,,,EUR,,,,CITY SUPERMARKET,66e98290-a351-aeec-0cfb-d2e10b3e2cd5,,,,5411.0
2025-10-19T19:18:00.000000Z,2025-10-19,DEFAULT,CASH,CARD_TRANSACTION,,CITY SUPERMARKET,,,,-68.34,,,EUR,,,,CITY SUPERMARKET,46c92154-4184-c060-22ad-84fab4f3081d,,,,5411.0
2025-10-20T14:02:00.000000Z,2025-10-20,DEFAULT,CASH,CARD_TRANSACTION,,COFFEE CORNER,,,,-4.38,,,EUR,,,,COFFEE CORNER,0c0fb965-0d1f-2e32-1869-bf5b947ed99c,,,,5814.0
2025-10-20T14:21:00.000000Z,2025-10-20,DEFAULT,CASH,CARD_TRANSACTION,,COFFEE CORNER,,,,-6.6,,,EUR,,,,COFFEE CORNER,4a1d8b3c-dd47-1e59-3eeb-a08745d4c770,,,,5814.0
2025-10-21T08:07:00.000000Z,2025-10-21,DEFAULT,CASH,CARD_TRANSACTION,,CITY SUPERMARKET,,,,-67.34,,,EUR,,,,CITY SUPERMARKET,24767238-9eef-1b5e-2d77-55d49f0f4f0f,,,,5411.0
2025-10-22T08:13:00.000000Z,2025-10-22,DEFAULT,CASH,CARD_TRANSACTION,,CORNER BAKERY,,,,-4.13,,,EUR,,,,CORNER BAKERY,61b77615-fd3e-c80f-79cc-22742c1b2ada,,,,5462.0
2025-10-23T12:39:00.000000Z,2025-10-23,DEFAULT,CASH,CARD_TRANSACTION,,CITY SUPERMARKET,,,,-44.65,,,EUR,,,,CITY SUPERMARKET,75a70814-db4b-6ccf-2663-f076e4b24fec,,,,5411.0
2025-10-25T16:26:00.000000Z,2025-10-25,DEFAULT,CASH,CARD_TRANSACTION,,HOTEL SEASIDE,,,,-137.91,,,EUR,,,,HOTEL SEASIDE,5e651a97-18a2-25ad-0d07-52c26f1c6433,,,,7011.0
2025-10-26T16:01:00.000000Z,2025-10-26,DEFAULT,CASH,CARD_TRANSACTION,,COFFEE CORNER,,,,-5.11,,,EUR,,,,COFFEE CORNER,0b8ac15d-04de-acb7-3778-cbe710f8e067,,,,5814.0
2025-10-27T07:00:00.000000Z,2025-10-27,DEFAULT,CASH,TRANSFER_INBOUND,,,,,,2621.5,,,EUR,,,,Incoming transfer from Example Employer GmbH,4b8c1bcb-7cd4-a278-12be-6baa5637b1a0,,,,
2025-10-28T09:06:00.000000Z,2025-10-28,DEFAULT,CASH,CARD_TRANSACTION,,CITY SUPERMARKET,,,,-44.26,,,EUR,,,,CITY SUPERMARKET,2c3a8e5f-a5ee-ab14-66a4-e214240e246e,,,,5411.0
2025-10-30T13:15:00.000000Z,2025-10-30,DEFAULT,CASH,CARD_TRANSACTION,,CITY PHARMACY,,,,-29.99,,,EUR,,,,CITY PHARMACY,5bfe05ed-8ade-87ce-0610-0420aaf4f246,,,,5912.0
2025-11-01T06:00:00.000000Z,2025-11-01,DEFAULT,CASH,INTEREST_PAYMENT,,,,,,3.36,,0.0,EUR,,,,Your interest payment,692fdc0f-5ef2-1291-142c-4950afe34f3e,,,,
2025-11-01T11:00:00.000000Z,2025-11-01,DEFAULT,CASH,TRANSFER_DIRECT_DEBIT_INBOUND,,,,,,-29.9,,,EUR,,,,SEPA Direct Debit transfer to Example Fitness Club (DE00EXAMPLE0000000000),65d3c510-ea11-bbea-4b78-d3c2118df53e,,,,
2025-11-01T11:00:00.000000Z,2025-11-01,DEFAULT,CASH,TRANSFER_DIRECT_DEBIT_INBOUND,,,,,,-750.0,,,EUR,,,,SEPA Direct Debit transfer to Example Immobilien GmbH (DE00EXAMPLE0000000000),40622601-5970-3cc6-5600-6993b9c05c90,,,,
2025-11-01T12:12:00.000000Z,2025-11-01,DEFAULT,CASH,CARD_TRANSACTION,,CITY SUPERMARKET,,,,-32.67,,,EUR,,,,CITY SUPERMARKET,47c1b93d-c84f-5e90-3d84-99bf77abd362,,,,5411.0
2025-11-03T09:05:00.000000Z,2025-11-03,DEFAULT,TRADING,BUY,FUND,Xetra-Gold,IE00EXAMPLE03,0.268817,111.6,-30.0,-0.0,,EUR,,,,,2eef9e35-b9ae-de50-2cf9-06c397fafc9f,,,,
2025-11-03T09:05:00.000000Z,2025-11-03,DEFAULT,TRADING,BUY,FUND,Vanguard FTSE All-World (Acc),IE00EXAMPLE01,1.440527,145.78,-210.0,-0.0,,EUR,,,,,78d9c3b9-88a2-f64f-2332-3edf3dd18dd6,,,,
2025-11-03T09:05:00.000000Z,2025-11-03,DEFAULT,TRADING,BUY,FUND,iShares MSCI EM (Acc),IE00EXAMPLE02,1.320713,45.43,-60.0,-0.0,,EUR,,,,,035a91fa-d8bb-d847-1f0f-f16b0a3b798a,,,,
2025-11-03T16:28:00.000000Z,2025-11-03,DEFAULT,CASH,CARD_TRANSACTION,,COFFEE CORNER,,,,-3.34,,,EUR,,,,COFFEE CORNER,6ace5d5f-c386-2032-42ff-8d7a385b843e,,,,5814.0
2025-11-05T03:00:00.000000Z,2025-11-05,DEFAULT,CASH,CARD_TRANSACTION,,STREAMFLIX,,,,-12.99,,,EUR,,,,STREAMFLIX,2ea3666f-70dd-4db6-7082-0d508d08d716,,,,4899.0
2025-11-05T03:00:00.000000Z,2025-11-05,DEFAULT,CASH,CARD_TRANSACTION,,MUSICBOX,,,,-10.99,,,EUR,,,,MUSICBOX,2b18076e-1306-1382-56eb-e75a02a5e30a,,,,5815.0
2025-11-05T16:13:00.000000Z,2025-11-05,DEFAULT,CASH,CARD_TRANSACTION,,METRO TRANSIT,,,,-8.58,,,EUR,,,,METRO TRANSIT,64b56d4e-8832-a3a6-0755-b405db9d3249,,,,4111.0
2025-11-09T15:51:00.000000Z,2025-11-09,DEFAULT,CASH,CARD_TRANSACTION,,CITY SUPERMARKET,,,,-30.25,,,EUR,,,,CITY SUPERMARKET,2a47db42-583b-7a88-58d6-778ccb0edbd6,,,,5411.0
2025-11-09T16:06:00.000000Z,2025-11-09,DEFAULT,CASH,CARD_TRANSACTION,,CITY PHARMACY,,,,-8.85,,,EUR,,,,CITY PHARMACY,43ab35cb-2d29-496e-0b0d-d574d6ba63b0,,,,5912.0
2025-11-11T14:43:00.000000Z,2025-11-11,DEFAULT,CASH,CARD_TRANSACTION,,CORNER BAKERY,,,,-3.06,,,EUR,,,,CORNER BAKERY,752bba11-d44b-034c-3a3a-fd66c35ac97e,,,,5462.0
2025-11-13T11:57:00.000000Z,2025-11-13,DEFAULT,CASH,CARD_TRANSACTION,,CORNER BAKERY,,,,-4.72,,,EUR,,,,CORNER BAKERY,6ee21fe2-11c1-2f7e-7610-dc8f3dc60233,,,,5462.0
2025-11-13T19:52:00.000000Z,2025-11-13,DEFAULT,CASH,CARD_TRANSACTION,,CITY PHARMACY,,,,-28.11,,,EUR,,,,CITY PHARMACY,692a9e88-b6c6-ef39-4800-ebe4dd1717c5,,,,5912.0
2025-11-15T10:00:00.000000Z,2025-11-15,DEFAULT,CASH,DIVIDEND,STOCK,Microsoft,US0EXAMPLE05,3.883223,,2.5,,,EUR,2.91,USD,1.1632,,256b56ca-6744-84fe-42a8-9c7cf38a9d5e,,,,
2025-11-15T10:00:00.000000Z,2025-11-15,DEFAULT,CASH,DIVIDEND,STOCK,Apple,US0EXAMPLE04,7.696065,,1.59,,,EUR,1.85,USD,1.1632,,43284e11-2abd-9ccc-710a-4d3a4807ea48,,,,
2025-11-15T15:40:00.000000Z,2025-11-15,DEFAULT,CASH,CARD_TRANSACTION,,CITY SUPERMARKET,,,,-50.68,,,EUR,,,,CITY SUPERMARKET,28b65372-ee53-1d70-2c50-c15996d3d897,,,,5411.0
2025-11-17T11:44:00.000000Z,2025-11-17,DEFAULT,CASH,CARD_TRANSACTION,,COFFEE CORNER,,,,-7.63,,,EUR,,,,COFFEE CORNER,099270f9-ecf3-242e-0e1a-0d525d6662d4,,,,5814.0
2025-11-17T16:57:00.000000Z,2025-11-17,DEFAULT,CASH,CARD_TRANSACTION,,TRATTORIA ROMA,,,,-52.95,,,EUR,,,,TRATTORIA ROMA,383a1121-c2e3-042b-225e-a7bb92441aa5,,,,5812.0
2025-11-18T12:38:00.000000Z,2025-11-18,DEFAULT,CASH,CARD_TRANSACTION,,CITY SUPERMARKET,,,,-19.83,,,EUR,,,,CITY SUPERMARKET,38740f70-afa3-a896-7244-315a804e3800,,,,5411.0
2025-11-20T14:54:00.000000Z,2025-11-20,DEFAULT,CASH,CARD_TRANSACTION,,COFFEE CORNER,,,,-7.39,,,EUR,,,,COFFEE CORNER,6800412b-e87f-3db2-4208-f99bb4c5d3e1,,,,5814.0
2025-11-23T08:09:00.000000Z,2025-11-23,DEFAULT,CASH,CARD_TRANSACTION,,TECH WORLD,,,,-102.33,,,EUR,,,,TECH WORLD,2942659b-b8be-d801-00e8-2c4238627299,,,,5732.0
2025-11-24T16:59:00.000000Z,2025-11-24,DEFAULT,CASH,CARD_TRANSACTION,,METRO TRANSIT,,,,-7.6,,,EUR,,,,METRO TRANSIT,06f5fd10-44ea-4786-2656-6cdf3c8f4429,,,,4111.0
2025-11-27T07:00:00.000000Z,2025-11-27,DEFAULT,CASH,TRANSFER_INBOUND,,,,,,2645.98,,,EUR,,,,Incoming transfer from Example Employer GmbH,40d41e10-7196-1492-1c8c-72a5ca218bd2,,,,
2025-12-01T06:00:00.000000Z,2025-12-01,DEFAULT,CASH,INTEREST_PAYMENT,,,,,,5.75,,0.0,EUR,,,,Your interest payment,737eabe2-1976-09ac-029d-e02c03f11034,,,,
2025-12-01T15:48:00.000000Z,2025-12-01,DEFAULT,CASH,CARD_TRANSACTION,,CITY SUPERMARKET,,,,-53.59,,,EUR,,,,CITY SUPERMARKET,610ff59d-dfc0-2b19-322e-72882b851f11,,,,5411.0
2025-12-02T09:05:00.000000Z,2025-12-02,DEFAULT,TRADING,BUY,FUND,Vanguard FTSE All-World (Acc),IE00EXAMPLE01,1.455705,144.26,-210.0,-0.0,,EUR,,,,,588f833f-84c1-8ef9-4795-3fd56807dba9,,,,
2025-12-02T09:05:00.000000Z,2025-12-02,DEFAULT,TRADING,BUY,FUND,iShares MSCI EM (Acc),IE00EXAMPLE02,1.366276,43.915,-60.0,-0.0,,EUR,,,,,00208564-51e8-789c-047d-daae03d8c1e7,,,,
2025-12-02T09:05:00.000000Z,2025-12-02,DEFAULT,TRADING,BUY,FUND,Xetra-Gold,IE00EXAMPLE03,0.258799,115.92,-30.0,-0.0,,EUR,,,,,7ed4b125-9459-5909-6421-e12dd1327e9f,,,,
2025-12-02T11:00:00.000000Z,2025-12-02,DEFAULT,CASH,TRANSFER_DIRECT_DEBIT_INBOUND,,,,,,-29.9,,,EUR,,,,SEPA Direct Debit transfer to Example Fitness Club (DE00EXAMPLE0000000000),00dc1014-aca3-50b3-24e3-b6f6b1781435,,,,
2025-12-03T11:00:00.000000Z,2025-12-03,DEFAULT,CASH,TRANSFER_DIRECT_DEBIT_INBOUND,,,,,,-750.0,,,EUR,,,,SEPA Direct Debit transfer to Example Immobilien GmbH (DE00EXAMPLE0000000000),655b4082-8a19-4e18-39bf-24cc20f5ab7d,,,,
2025-12-03T19:53:00.000000Z,2025-12-03,DEFAULT,CASH,CARD_TRANSACTION,,COFFEE CORNER,,,,-7.87,,,EUR,,,,COFFEE CORNER,67f5dc29-2918-9176-6e2c-82c3e4936819,,,,5814.0
2025-12-05T03:00:00.000000Z,2025-12-05,DEFAULT,CASH,CARD_TRANSACTION,,STREAMFLIX,,,,-12.99,,,EUR,,,,STREAMFLIX,558f8f15-b38d-af04-47c3-78e7abaee30b,,,,4899.0
2025-12-05T03:00:00.000000Z,2025-12-05,DEFAULT,CASH,CARD_TRANSACTION,,MUSICBOX,,,,-10.99,,,EUR,,,,MUSICBOX,714d0463-6347-dad8-5612-7ff99a8a441e,,,,5815.0
2025-12-05T12:39:00.000000Z,2025-12-05,DEFAULT,CASH,CARD_TRANSACTION,,COFFEE CORNER,,,,-5.4,,,EUR,,,,COFFEE CORNER,7fb2edb7-fcc8-b264-0ea6-24eb14a53b3c,,,,5814.0
2025-12-05T14:16:00.000000Z,2025-12-05,DEFAULT,CASH,CARD_TRANSACTION,,COFFEE CORNER,,,,-7.0,,,EUR,,,,COFFEE CORNER,3fc79c89-7839-b8b0-7681-ff1bc49cb43d,,,,5814.0
2025-12-05T16:42:00.000000Z,2025-12-05,DEFAULT,CASH,CARD_TRANSACTION,,TRATTORIA ROMA,,,,-47.43,,,EUR,,,,TRATTORIA ROMA,1d38d398-4dc9-9e50-4bcc-7441db3155a3,,,,5812.0
2025-12-05T18:00:00.000000Z,2025-12-05,DEFAULT,CASH,CARD_TRANSACTION,,FASHION STORE,,,,-38.6,,,EUR,,,,FASHION STORE,1f8c8550-1f9e-52c7-1977-69dcce65a7c1,,,,5651.0
2025-12-05T18:25:00.000000Z,2025-12-05,DEFAULT,CASH,CARD_TRANSACTION,,METRO TRANSIT,,,,-9.71,,,EUR,,,,METRO TRANSIT,096f65a7-13d8-3c54-6203-bd3405d020d5,,,,4111.0
2025-12-06T11:18:00.000000Z,2025-12-06,DEFAULT,CASH,CARD_TRANSACTION,,METRO TRANSIT,,,,-7.01,,,EUR,,,,METRO TRANSIT,2941c5c4-2416-7384-3189-c6df4c8f2c73,,,,4111.0
2025-12-08T10:21:00.000000Z,2025-12-08,DEFAULT,CASH,CARD_TRANSACTION,,FASHION STORE,,,,-56.11,,,EUR,,,,FASHION STORE,4eb91e73-4240-ccca-71f3-f8d301f74895,,,,5651.0
2025-12-08T16:47:00.000000Z,2025-12-08,DEFAULT,CASH,CARD_TRANSACTION,,METRO TRANSIT,,,,-6.62,,,EUR,,,,METRO TRANSIT,5c7a273f-4b76-9b4b-7523-4155b30d595d,,,,4111.0
2025-12-09T11:58:00.000000Z,2025-12-09,DEFAULT,CASH,CARD_TRANSACTION,,CITY SUPERMARKET,,,,-65.3,,,EUR,,,,CITY SUPERMARKET,60b003c0-f226-e673-4e01-c813754cd8ba,,,,5411.0
2025-12-10T14:37:00.000000Z,2025-12-10,DEFAULT,CASH,CARD_TRANSACTION,,COFFEE CORNER,,,,-5.57,,,EUR,,,,COFFEE CORNER,5b045212-42cc-7248-4080-e018cd560406,,,,5814.0
2025-12-10T15:59:00.000000Z,2025-12-10,DEFAULT,CASH,CARD_TRANSACTION,,CITY SUPERMARKET,,,,-61.65,,,EUR,,,,CITY SUPERMARKET,4e154878-c3c2-83ec-1087-8a10af41a800,,,,5411.0
2025-12-11T17:04:00.000000Z,2025-12-11,DEFAULT,CASH,CARD_TRANSACTION,,CITY SUPERMARKET,,,,-44.65,,,EUR,,,,CITY SUPERMARKET,5998fa66-460d-1a26-5ff7-21a1197b442f,,,,5411.0
2025-12-13T10:48:00.000000Z,2025-12-13,DEFAULT,CASH,CARD_TRANSACTION,,CITY PHARMACY,,,,-7.17,,,EUR,,,,CITY PHARMACY,05aecf85-2182-3bd0-7fb3-d43d3cdf0520,,,,5912.0
2025-12-13T19:54:00.000000Z,2025-12-13,DEFAULT,CASH,CARD_TRANSACTION,,CITY SUPERMARKET,,,,-45.09,,,EUR,,,,CITY SUPERMARKET,00150c08-b149-9341-528b-33c4ce37bc8b,,,,5411.0
2025-12-13T20:43:00.000000Z,2025-12-13,DEFAULT,CASH,CARD_TRANSACTION,,CITY SUPERMARKET,,,,-44.89,,,EUR,,,,CITY SUPERMARKET,3f8f3d43-df13-5d7b-67ab-ff9536f4fb0e,,,,5411.0
2025-12-15T11:51:00.000000Z,2025-12-15,DEFAULT,CASH,CARD_TRANSACTION,,COFFEE CORNER,,,,-7.32,,,EUR,,,,COFFEE CORNER,46cf3677-52c8-bd68-2c09-68f12408ade1,,,,5814.0
2025-12-17T18:06:00.000000Z,2025-12-17,DEFAULT,CASH,CARD_TRANSACTION,,CITY SUPERMARKET,,,,-34.09,,,EUR,,,,CITY SUPERMARKET,40c3712b-6653-2431-3756-6f6f7ee4558f,,,,5411.0
2025-12-19T16:27:00.000000Z,2025-12-19,DEFAULT,CASH,CARD_TRANSACTION,,CITY SUPERMARKET,,,,-67.63,,,EUR,,,,CITY SUPERMARKET,5a87bb3e-4d24-4b27-7e74-c8670fe396d1,,,,5411.0
2025-12-21T12:09:00.000000Z,2025-12-21,DEFAULT,CASH,CARD_TRANSACTION,,BOOK HOUSE,,,,-18.01,,,EUR,,,,BOOK HOUSE,7b6d9d24-2467-40d7-4f97-83f440dbc417,,,,5942.0
2025-12-22T09:55:00.000000Z,2025-12-22,DEFAULT,CASH,CARD_TRANSACTION,,CITY SUPERMARKET,,,,-60.58,,,EUR,,,,CITY SUPERMARKET,3e004dab-fbd4-6421-063c-8956be0b56b4,,,,5411.0
2025-12-22T11:15:00.000000Z,2025-12-22,DEFAULT,CASH,CARD_TRANSACTION,,FASHION STORE,,,,-72.61,,,EUR,,,,FASHION STORE,1c2a8b19-fe4e-1712-77c0-2166b85726bd,,,,5651.0
2025-12-25T13:54:00.000000Z,2025-12-25,DEFAULT,CASH,CARD_TRANSACTION,,CITY SUPERMARKET,,,,-66.06,,,EUR,,,,CITY SUPERMARKET,483adbaa-a5a5-1245-3898-52ed244c7db0,,,,5411.0
2025-12-26T10:40:00.000000Z,2025-12-26,DEFAULT,CASH,CARD_TRANSACTION,,CITY SUPERMARKET,,,,-55.28,,,EUR,,,,CITY SUPERMARKET,1ab4e3e7-e541-5e0c-3fca-bcb64f08197f,,,,5411.0
2025-12-27T07:00:00.000000Z,2025-12-27,DEFAULT,CASH,TRANSFER_INBOUND,,,,,,2604.99,,,EUR,,,,Incoming transfer from Example Employer GmbH,29ff3512-a1ab-6a82-692b-860af8144ff7,,,,
2025-12-27T10:04:00.000000Z,2025-12-27,DEFAULT,CASH,CARD_TRANSACTION,,CITY SUPERMARKET,,,,-56.39,,,EUR,,,,CITY SUPERMARKET,42ab7287-4392-14cc-6f22-75b2ce0f6560,,,,5411.0
2025-12-28T18:59:00.000000Z,2025-12-28,DEFAULT,CASH,CARD_TRANSACTION,,METRO TRANSIT,,,,-7.36,,,EUR,,,,METRO TRANSIT,63c1fcef-5f79-508d-2573-bd5131bb032f,,,,4111.0
2026-01-01T06:00:00.000000Z,2026-01-01,DEFAULT,CASH,INTEREST_PAYMENT,,,,,,2.87,,0.0,EUR,,,,Your interest payment,66fb5d10-a1a9-ba65-4466-8348c096b595,,,,
2026-01-01T10:59:00.000000Z,2026-01-01,DEFAULT,CASH,CARD_TRANSACTION,,CITY SUPERMARKET,,,,-40.25,,,EUR,,,,CITY SUPERMARKET,179cc3ce-8b97-d77b-0c1a-63c5616bb22d,,,,5411.0
2026-01-01T11:07:00.000000Z,2026-01-01,DEFAULT,CASH,CARD_TRANSACTION,,FUEL STATION,,,,-47.23,,,EUR,,,,FUEL STATION,27fc52e6-89d2-9fcd-16cf-7b7640d72053,,,,5541.0
2026-01-02T09:05:00.000000Z,2026-01-02,DEFAULT,TRADING,BUY,FUND,Xetra-Gold,IE00EXAMPLE03,0.253764,118.22,-30.0,-0.0,,EUR,,,,,07e9744f-a6fe-89f0-693b-776d48acca52,,,,
2026-01-02T09:05:00.000000Z,2026-01-02,DEFAULT,TRADING,BUY,FUND,Vanguard FTSE All-World (Acc),IE00EXAMPLE01,1.446879,145.14,-210.0,-0.0,,EUR,,,,,7b89c6e2-607a-503a-4ca7-641d42291b97,,,,
2026-01-02T09:05:00.000000Z,2026-01-02,DEFAULT,TRADING,BUY,FUND,iShares MSCI EM (Acc),IE00EXAMPLE02,1.317668,45.535,-60.0,-0.0,,EUR,,,,,35351d2b-e308-9c4f-4b65-08c53c797e9c,,,,
2026-01-02T11:00:00.000000Z,2026-01-02,DEFAULT,CASH,TRANSFER_DIRECT_DEBIT_INBOUND,,,,,,-29.9,,,EUR,,,,SEPA Direct Debit transfer to Example Fitness Club (DE00EXAMPLE0000000000),16963ef4-5440-16df-06a1-8cceb8291f4e,,,,
2026-01-03T09:39:00.000000Z,2026-01-03,DEFAULT,CASH,CARD_TRANSACTION,,TRATTORIA ROMA,,,,-42.79,,,EUR,,,,TRATTORIA ROMA,38324d74-685d-eba9-5dfa-1a9f70e08c9a,,,,5812.0
2026-01-03T11:00:00.000000Z,2026-01-03,DEFAULT,CASH,TRANSFER_DIRECT_DEBIT_INBOUND,,,,,,-750.0,,,EUR,,,,SEPA Direct Debit transfer to Example Immobilien GmbH (DE00EXAMPLE0000000000),03ddeb69-db55-764b-686d-3a360e8e5a20,,,,
2026-01-03T14:03:00.000000Z,2026-01-03,DEFAULT,CASH,CARD_TRANSACTION,,CITY SUPERMARKET,,,,-24.34,,,EUR,,,,CITY SUPERMARKET,7444abcc-f503-f42c-71ec-00373d0d0641,,,,5411.0
2026-01-05T03:00:00.000000Z,2026-01-05,DEFAULT,CASH,CARD_TRANSACTION,,STREAMFLIX,,,,-12.99,,,EUR,,,,STREAMFLIX,5542c00b-39f9-6711-5096-4142e4e84a2b,,,,4899.0
2026-01-05T03:00:00.000000Z,2026-01-05,DEFAULT,CASH,CARD_TRANSACTION,,MUSICBOX,,,,-10.99,,,EUR,,,,MUSICBOX,77c47b43-4ef4-ee38-662a-60ea20b8dc71,,,,5815.0
2026-01-07T11:51:00.000000Z,2026-01-07,DEFAULT,CASH,CARD_TRANSACTION,,COFFEE CORNER,,,,-4.55,,,EUR,,,,COFFEE CORNER,19a2797c-ca3b-668b-0adc-a437edcfd703,,,,5814.0
2026-01-08T16:23:00.000000Z,2026-01-08,DEFAULT,CASH,CARD_TRANSACTION,,CITY SUPERMARKET,,,,-36.35,,,EUR,,,,CITY SUPERMARKET,1b094a1f-ab79-eb7c-1075-9698aac54a78,,,,5411.0
2026-01-08T16:41:00.000000Z,2026-01-08,DEFAULT,CASH,CARD_TRANSACTION,,METRO TRANSIT,,,,-4.99,,,EUR,,,,METRO TRANSIT,2992157e-57dd-cd12-02fb-33928131c5aa,,,,4111.0
2026-01-08T20:22:00.000000Z,2026-01-08,DEFAULT,CASH,CARD_TRANSACTION,,CITY SUPERMARKET,,,,-45.4,,,EUR,,,,CITY SUPERMARKET,2e12461e-f10a-166d-4e2f-7fb5ec30e3a4,,,,5411.0
2026-01-09T09:59:00.000000Z,2026-01-09,DEFAULT,CASH,CARD_TRANSACTION,,COFFEE CORNER,,,,-4.63,,,EUR,,,,COFFEE CORNER,0b505f09-33b2-c179-1fd5-161e28263c9d,,,,5814.0
2026-01-09T20:25:00.000000Z,2026-01-09,DEFAULT,CASH,CARD_TRANSACTION,,COFFEE CORNER,,,,-5.62,,,EUR,,,,COFFEE CORNER,76c40eee-d814-a5f3-7ae8-af8b18f255d2,,,,5814.0
2026-01-11T17:52:00.000000Z,2026-01-11,DEFAULT,CASH,CARD_TRANSACTION,,TRATTORIA ROMA,,,,-46.06,,,EUR,,,,TRATTORIA ROMA,7f01f4dc-7a97-2066-608e-e74bc9fd5630,,,,5812.0
2026-01-11T20:34:00.000000Z,2026-01-11,DEFAULT,CASH,CARD_TRANSACTION,,CITY SUPERMARKET,,,,-28.13,,,EUR,,,,CITY SUPERMARKET,06d3ab66-f04a-ae93-5e72-1aa787e59179,,,,5411.0
2026-01-12T12:28:00.000000Z,2026-01-12,DEFAULT,CASH,CARD_TRANSACTION,,COFFEE CORNER,,,,-4.39,,,EUR,,,,COFFEE CORNER,76c3b855-019f-7c2a-1521-4bae9e475250,,,,5814.0
2026-01-14T15:20:00.000000Z,2026-01-14,DEFAULT,CASH,CARD_TRANSACTION,,CITY SUPERMARKET,,,,-67.23,,,EUR,,,,CITY SUPERMARKET,4ebcc354-cd8f-4b43-30d2-0ce4acd87c33,,,,5411.0
2026-01-15T17:57:00.000000Z,2026-01-15,DEFAULT,CASH,CARD_TRANSACTION,,COFFEE CORNER,,,,-5.21,,,EUR,,,,COFFEE CORNER,1b086554-529b-f71c-182f-da973b487b28,,,,5814.0
2026-01-18T17:06:00.000000Z,2026-01-18,DEFAULT,CASH,CARD_TRANSACTION,,COFFEE CORNER,,,,-7.68,,,EUR,,,,COFFEE CORNER,741560e1-1b1d-1c9e-4969-4ba1b95836f3,,,,5814.0
2026-01-21T18:28:00.000000Z,2026-01-21,DEFAULT,CASH,CARD_TRANSACTION,,COFFEE CORNER,,,,-5.46,,,EUR,,,,COFFEE CORNER,5a2bb06e-3ff5-5365-0a04-64234f25fe23,,,,5814.0
2026-01-23T11:02:00.000000Z,2026-01-23,DEFAULT,CASH,CARD_TRANSACTION,,CITY SUPERMARKET,,,,-57.86,,,EUR,,,,CITY SUPERMARKET,706c9dfa-645f-67d7-2938-69ac2fc7306e,,,,5411.0
2026-01-24T12:52:00.000000Z,2026-01-24,DEFAULT,CASH,CARD_TRANSACTION,,CITY SUPERMARKET,,,,-21.19,,,EUR,,,,CITY SUPERMARKET,3561fd27-71c9-5680-7092-5eb356552aab,,,,5411.0
2026-01-24T14:01:00.000000Z,2026-01-24,DEFAULT,CASH,CARD_TRANSACTION,,CORNER BAKERY,,,,-5.58,,,EUR,,,,CORNER BAKERY,71117534-5f6d-015e-1f3d-72fa8b37a1db,,,,5462.0
2026-01-24T16:34:00.000000Z,2026-01-24,DEFAULT,CASH,CARD_TRANSACTION,,COFFEE CORNER,,,,-3.84,,,EUR,,,,COFFEE CORNER,7ccb93ec-dd6c-9f4c-20a4-69871c2cd62d,,,,5814.0
2026-01-25T08:25:00.000000Z,2026-01-25,DEFAULT,CASH,CARD_TRANSACTION,,COFFEE CORNER,,,,-5.56,,,EUR,,,,COFFEE CORNER,2b2260a5-9c7b-c394-54be-0a9c1c740958,,,,5814.0
2026-01-25T08:51:00.000000Z,2026-01-25,DEFAULT,CASH,CARD_TRANSACTION,,COFFEE CORNER,,,,-5.55,,,EUR,,,,COFFEE CORNER,0b899bcf-01da-fa77-5bc7-4b490e4e78a9,,,,5814.0
2026-01-25T11:37:00.000000Z,2026-01-25,DEFAULT,CASH,CARD_TRANSACTION,,COFFEE CORNER,,,,-7.7,,,EUR,,,,COFFEE CORNER,7b0a95a9-2f67-a8bf-5720-a55db34aae07,,,,5814.0
2026-01-25T15:14:00.000000Z,2026-01-25,DEFAULT,CASH,CARD_TRANSACTION,,CORNER BAKERY,,,,-5.54,,,EUR,,,,CORNER BAKERY,26531da9-2447-f5db-0610-afc34bda6ebf,,,,5462.0
2026-01-25T18:45:00.000000Z,2026-01-25,DEFAULT,CASH,CARD_TRANSACTION,,COFFEE CORNER,,,,-7.81,,,EUR,,,,COFFEE CORNER,0ae073e4-d492-7cdb-6b05-d78f3ee61056,,,,5814.0
2026-01-27T07:00:00.000000Z,2026-01-27,DEFAULT,CASH,TRANSFER_INBOUND,,,,,,2589.34,,,EUR,,,,Incoming transfer from Example Employer GmbH,184a5283-9250-c4ab-0d9e-24f519f56d58,,,,
2026-01-28T17:30:00.000000Z,2026-01-28,DEFAULT,CASH,CARD_TRANSACTION,,COFFEE CORNER,,,,-5.25,,,EUR,,,,COFFEE CORNER,602aff11-143d-5614-3b78-18fad0c739c0,,,,5814.0
2026-02-01T06:00:00.000000Z,2026-02-01,DEFAULT,CASH,INTEREST_PAYMENT,,,,,,2.12,,0.0,EUR,,,,Your interest payment,5c8919ec-c62e-f95d-45c2-003f2f0d36d7,,,,
2026-02-01T11:00:00.000000Z,2026-02-01,DEFAULT,CASH,TRANSFER_DIRECT_DEBIT_INBOUND,,,,,,-750.0,,,EUR,,,,SEPA Direct Debit transfer to Example Immobilien GmbH (DE00EXAMPLE0000000000),22a7a48b-249e-0efa-29f6-ba5990933ef4,,,,
2026-02-02T09:05:00.000000Z,2026-02-02,DEFAULT,TRADING,BUY,FUND,Vanguard FTSE All-World (Acc),IE00EXAMPLE01,1.413761,148.54,-210.0,-0.0,,EUR,,,,,07e258d2-1c5b-3c03-3727-3c7f5c269b37,,,,
2026-02-02T09:05:00.000000Z,2026-02-02,DEFAULT,TRADING,BUY,FUND,iShares MSCI EM (Acc),IE00EXAMPLE02,1.256281,47.76,-60.0,-0.0,,EUR,,,,,31f3fea8-27ae-316d-36c2-9a57fed98506,,,,
2026-02-02T09:05:00.000000Z,2026-02-02,DEFAULT,TRADING,BUY,FUND,Xetra-Gold,IE00EXAMPLE03,0.236109,127.06,-30.0,-0.0,,EUR,,,,,23d155f0-0a15-56fd-57c9-4ac7929b4839,,,,
2026-02-02T20:53:00.000000Z,2026-02-02,DEFAULT,CASH,CARD_TRANSACTION,,CITY SUPERMARKET,,,,-54.47,,,EUR,,,,CITY SUPERMARKET,5a4c29e7-519c-4e07-1e3e-0416c1fe96df,,,,5411.0
2026-02-04T11:00:00.000000Z,2026-02-04,DEFAULT,CASH,TRANSFER_DIRECT_DEBIT_INBOUND,,,,,,-29.9,,,EUR,,,,SEPA Direct Debit transfer to Example Fitness Club (DE00EXAMPLE0000000000),4feb1a1f-d15c-32cd-3cea-b2db4e91b10e,,,,
2026-02-04T18:25:00.000000Z,2026-02-04,DEFAULT,CASH,CARD_TRANSACTION,,TRATTORIA ROMA,,,,-44.55,,,EUR,,,,TRATTORIA ROMA,75119689-c2f2-98a6-5b3f-dba5bbda481b,,,,5812.0
2026-02-05T03:00:00.000000Z,2026-02-05,DEFAULT,CASH,CARD_TRANSACTION,,STREAMFLIX,,,,-12.99,,,EUR,,,,STREAMFLIX,186eecaa-e8f1-6bb6-4ddc-cc98a97aafc2,,,,4899.0
2026-02-05T03:00:00.000000Z,2026-02-05,DEFAULT,CASH,CARD_TRANSACTION,,MUSICBOX,,,,-10.99,,,EUR,,,,MUSICBOX,16c29fd5-ea6a-7a90-70dc-2e9b9b478e4c,,,,5815.0
2026-02-05T09:22:00.000000Z,2026-02-05,DEFAULT,CASH,CARD_TRANSACTION,,COFFEE CORNER,,,,-6.34,,,EUR,,,,COFFEE CORNER,680d484d-8c64-05ba-70cc-4000babd64ab,,,,5814.0
2026-02-10T08:15:00.000000Z,2026-02-10,DEFAULT,CASH,CARD_TRANSACTION,,CITY SUPERMARKET,,,,-47.97,,,EUR,,,,CITY SUPERMARKET,3bc80b31-d5a9-2104-2f70-bf3311ec79da,,,,5411.0
2026-02-10T11:32:00.000000Z,2026-02-10,DEFAULT,CASH,CARD_TRANSACTION,,METRO TRANSIT,,,,-10.46,,,EUR,,,,METRO TRANSIT,11c5e1da-8cae-0eaa-7478-d23f8c2f4da3,,,,4111.0
2026-02-15T08:16:00.000000Z,2026-02-15,DEFAULT,CASH,CARD_TRANSACTION,,CITY SUPERMARKET,,,,-36.59,,,EUR,,,,CITY SUPERMARKET,238b9b14-c0d0-9b33-2ef1-7017f80c1e08,,,,5411.0
2026-02-15T09:50:00.000000Z,2026-02-15,DEFAULT,CASH,CARD_TRANSACTION,,COFFEE CORNER,,,,-5.58,,,EUR,,,,COFFEE CORNER,42f72af0-db26-cf46-7659-ebd66b7ec872,,,,5814.0
2026-02-15T10:00:00.000000Z,2026-02-15,DEFAULT,CASH,DIVIDEND,STOCK,Apple,US0EXAMPLE04,7.696065,,1.56,,,EUR,1.85,USD,1.1868,,6ba4117c-6673-7c00-625e-c3cad1024cf4,,,,
2026-02-15T10:00:00.000000Z,2026-02-15,DEFAULT,CASH,DIVIDEND,STOCK,Microsoft,US0EXAMPLE05,3.883223,,2.45,,,EUR,2.91,USD,1.1868,,505a2e40-b569-c57e-44e8-7b7d8db159ba,,,,
2026-02-15T15:41:00.000000Z,2026-02-15,DEFAULT,CASH,CARD_TRANSACTION,,COFFEE CORNER,,,,-5.56,,,EUR,,,,COFFEE CORNER,3cbd66e7-03d5-8e27-6ec6-789668213e31,,,,5814.0
2026-02-16T10:25:00.000000Z,2026-02-16,DEFAULT,CASH,CARD_TRANSACTION,,COFFEE CORNER,,,,-7.05,,,EUR,,,,COFFEE CORNER,5a394b36-6111-be90-43e2-58751e197d9a,,,,5814.0
2026-02-17T16:42:00.000000Z,2026-02-17,DEFAULT,CASH,CARD_TRANSACTION,,CITY SUPERMARKET,,,,-16.72,,,EUR,,,,CITY SUPERMARKET,3c27d377-0209-38d0-039c-b297e7af8d56,,,,5411.0
2026-02-19T14:47:00.000000Z,2026-02-19,DEFAULT,CASH,CARD_TRANSACTION,,METRO TRANSIT,,,,-7.59,,,EUR,,,,METRO TRANSIT,049c76d2-5a02-d51b-3fa0-aab3cd9c6558,,,,4111.0
2026-02-19T20:37:00.000000Z,2026-02-19,DEFAULT,CASH,CARD_TRANSACTION,,COFFEE CORNER,,,,-4.56,,,EUR,,,,COFFEE CORNER,33356184-04e1-020e-1116-643aef9437ba,,,,5814.0
2026-02-23T11:23:00.000000Z,2026-02-23,DEFAULT,CASH,CARD_TRANSACTION,,COFFEE CORNER,,,,-4.98,,,EUR,,,,COFFEE CORNER,270755c0-16cb-4b8c-4264-d177b3b820cc,,,,5814.0
2026-02-24T10:09:00.000000Z,2026-02-24,DEFAULT,CASH,CARD_TRANSACTION,,CITY SUPERMARKET,,,,-18.95,,,EUR,,,,CITY SUPERMARKET,7fe08b15-4a72-7ba9-34c6-990fd226e5a0,,,,5411.0
2026-02-24T13:26:00.000000Z,2026-02-24,DEFAULT,CASH,CARD_TRANSACTION,,CITY SUPERMARKET,,,,-24.75,,,EUR,,,,CITY SUPERMARKET,66f3092e-3089-531b-3801-30fb92824456,,,,5411.0
2026-02-25T16:00:00.000000Z,2026-02-25,DEFAULT,CASH,CARD_TRANSACTION,,CITY SUPERMARKET,,,,-67.06,,,EUR,,,,CITY SUPERMARKET,297ce6fa-c703-1abf-482a-caaaa3971614,,,,5411.0
2026-02-25T19:10:00.000000Z,2026-02-25,DEFAULT,CASH,CARD_TRANSACTION,,METRO TRANSIT,,,,-11.31,,,EUR,,,,METRO TRANSIT,1a8a8dd4-0859-47a5-47af-f6a0284ee27c,,,,4111.0
2026-02-27T07:00:00.000000Z,2026-02-27,DEFAULT,CASH,TRANSFER_INBOUND,,,,,,2636.45,,,EUR,,,,Incoming transfer from Example Employer GmbH,119b7246-eb97-4b9a-4833-815f707bf678,,,,
2026-02-27T12:40:00.000000Z,2026-02-27,DEFAULT,CASH,CARD_TRANSACTION,,CITY SUPERMARKET,,,,-49.28,,,EUR,,,,CITY SUPERMARKET,538950df-c1d0-e4ea-4dd7-2b1789094e01,,,,5411.0
2026-03-01T06:00:00.000000Z,2026-03-01,DEFAULT,CASH,INTEREST_PAYMENT,,,,,,4.37,,0.0,EUR,,,,Your interest payment,7e9a1b14-19d1-a1a7-7934-8d0c90fb120b,,,,
2026-03-01T09:10:00.000000Z,2026-03-01,DEFAULT,CASH,CARD_TRANSACTION,,CORNER BAKERY,,,,-7.3,,,EUR,,,,CORNER BAKERY,2db5f6be-a23e-63cf-6d0a-018278f78649,,,,5462.0
2026-03-01T11:14:00.000000Z,2026-03-01,DEFAULT,CASH,CARD_TRANSACTION,,CORNER BAKERY,,,,-3.57,,,EUR,,,,CORNER BAKERY,3a02317d-ec60-8300-2b7a-0f42dbef46e9,,,,5462.0
2026-03-02T09:05:00.000000Z,2026-03-02,DEFAULT,TRADING,BUY,FUND,Vanguard FTSE All-World (Acc),IE00EXAMPLE01,1.399813,150.02,-210.0,-0.0,,EUR,,,,,25cd4b44-6da2-77a2-3674-3fad0e9e6b18,,,,
2026-03-02T09:05:00.000000Z,2026-03-02,DEFAULT,TRADING,BUY,FUND,iShares MSCI EM (Acc),IE00EXAMPLE02,1.199161,50.035,-60.0,-0.0,,EUR,,,,,7ac16065-aad3-6dd3-78e1-172fd0db672d,,,,
2026-03-02T09:05:00.000000Z,2026-03-02,DEFAULT,TRADING,BUY,FUND,Xetra-Gold,IE00EXAMPLE03,0.2062,145.49,-30.0,-0.0,,EUR,,,,,5b826589-601c-b1c8-08d2-fdd78e50f27c,,,,
2026-03-02T11:00:00.000000Z,2026-03-02,DEFAULT,CASH,TRANSFER_DIRECT_DEBIT_INBOUND,,,,,,-29.9,,,EUR,,,,SEPA Direct Debit transfer to Example Fitness Club (DE00EXAMPLE0000000000),109aee3c-43a7-e703-58ef-26ac10920cd5,,,,
2026-03-02T15:12:00.000000Z,2026-03-02,DEFAULT,CASH,CARD_TRANSACTION,,CITY SUPERMARKET,,,,-33.58,,,EUR,,,,CITY SUPERMARKET,0931e290-1bf0-40d5-1c2d-41573796f910,,,,5411.0
2026-03-03T11:00:00.000000Z,2026-03-03,DEFAULT,CASH,TRANSFER_DIRECT_DEBIT_INBOUND,,,,,,-750.0,,,EUR,,,,SEPA Direct Debit transfer to Example Immobilien GmbH (DE00EXAMPLE0000000000),0d917d5b-5575-375c-32af-0e7c877b6657,,,,
2026-03-03T16:29:00.000000Z,2026-03-03,DEFAULT,CASH,CARD_TRANSACTION,,CITY SUPERMARKET,,,,-49.81,,,EUR,,,,CITY SUPERMARKET,0b2df378-af9d-a282-3873-4c5b4c41c6b4,,,,5411.0
2026-03-04T14:22:00.000000Z,2026-03-04,DEFAULT,CASH,CARD_TRANSACTION,,METRO TRANSIT,,,,-10.39,,,EUR,,,,METRO TRANSIT,38a038e2-f298-9dff-6072-b4dac21ba2dd,,,,4111.0
2026-03-05T03:00:00.000000Z,2026-03-05,DEFAULT,CASH,CARD_TRANSACTION,,MUSICBOX,,,,-10.99,,,EUR,,,,MUSICBOX,53194808-b7fa-d9d5-4978-508537bb0bed,,,,5815.0
2026-03-05T03:00:00.000000Z,2026-03-05,DEFAULT,CASH,CARD_TRANSACTION,,STREAMFLIX,,,,-12.99,,,EUR,,,,STREAMFLIX,03b89e60-0c67-ab36-340b-6870e838fd9a,,,,4899.0
2026-03-06T16:10:00.000000Z,2026-03-06,DEFAULT,CASH,CARD_TRANSACTION,,METRO TRANSIT,,,,-7.04,,,EUR,,,,METRO TRANSIT,6a0246bb-53cd-a263-6cc1-9134a88a574a,,,,4111.0
2026-03-07T15:48:00.000000Z,2026-03-07,DEFAULT,CASH,CARD_TRANSACTION,,METRO TRANSIT,,,,-6.53,,,EUR,,,,METRO TRANSIT,281b0c0c-d409-bf35-6c65-0c9469179e44,,,,4111.0
2026-03-08T09:28:00.000000Z,2026-03-08,DEFAULT,CASH,CARD_TRANSACTION,,CITY SUPERMARKET,,,,-69.45,,,EUR,,,,CITY SUPERMARKET,7f859d13-bc48-6855-7d64-3e4570d0528d,,,,5411.0
2026-03-10T08:08:00.000000Z,2026-03-10,DEFAULT,CASH,CARD_TRANSACTION,,CITY SUPERMARKET,,,,-67.32,,,EUR,,,,CITY SUPERMARKET,128ec9a3-4956-d356-42cd-32c0fed8c7f9,,,,5411.0
2026-03-16T13:33:00.000000Z,2026-03-16,DEFAULT,CASH,CARD_TRANSACTION,,COFFEE CORNER,,,,-5.74,,,EUR,,,,COFFEE CORNER,2013f39b-d302-7f75-39f4-6caee7fcbd38,,,,5814.0
2026-03-17T13:48:00.000000Z,2026-03-17,DEFAULT,CASH,CARD_TRANSACTION,,FASHION STORE,,,,-116.85,,,EUR,,,,FASHION STORE,5a1177f9-5ec2-cdc9-14ad-b1b7605fa8e4,,,,5651.0
2026-03-18T10:03:00.000000Z,2026-03-18,DEFAULT,CASH,CARD_TRANSACTION,,TRATTORIA ROMA,,,,-23.64,,,EUR,,,,TRATTORIA ROMA,14ae9bbd-b444-fd9f-4e5d-55eb1efe468b,,,,5812.0
2026-03-22T09:40:00.000000Z,2026-03-22,DEFAULT,CASH,CARD_TRANSACTION,,METRO TRANSIT,,,,-7.33,,,EUR,,,,METRO TRANSIT,214111a4-42f6-f291-1ee9-21a4d493c383,,,,4111.0
2026-03-23T10:34:00.000000Z,2026-03-23,DEFAULT,CASH,CARD_TRANSACTION,,CITY SUPERMARKET,,,,-23.73,,,EUR,,,,CITY SUPERMARKET,0702d683-f46a-fdcd-11d7-c600d3895f04,,,,5411.0
2026-03-23T13:54:00.000000Z,2026-03-23,DEFAULT,CASH,CARD_TRANSACTION,,COFFEE CORNER,,,,-6.98,,,EUR,,,,COFFEE CORNER,7933c43f-a083-1059-5373-808d37bfb355,,,,5814.0
2026-03-23T17:48:00.000000Z,2026-03-23,DEFAULT,CASH,CARD_TRANSACTION,,FUEL STATION,,,,-46.34,,,EUR,,,,FUEL STATION,32492a68-6277-0a68-52d4-c9d7b39981b8,,,,5541.0
2026-03-27T07:00:00.000000Z,2026-03-27,DEFAULT,CASH,TRANSFER_INBOUND,,,,,,2525.11,,,EUR,,,,Incoming transfer from Example Employer GmbH,0baa31f8-df2b-bfc3-7018-7209eef8b24e,,,,
2026-03-29T12:15:00.000000Z,2026-03-29,DEFAULT,CASH,CARD_TRANSACTION,,METRO TRANSIT,,,,-6.3,,,EUR,,,,METRO TRANSIT,5bd7ae17-8a9f-00f8-798c-97aeb8727aac,,,,4111.0
2026-03-30T09:19:00.000000Z,2026-03-30,DEFAULT,CASH,CARD_TRANSACTION,,COFFEE CORNER,,,,-4.11,,,EUR,,,,COFFEE CORNER,18c0d9f9-fd78-d7b4-284d-f01f35437ee0,,,,5814.0
2026-04-01T06:00:00.000000Z,2026-04-01,DEFAULT,CASH,INTEREST_PAYMENT,,,,,,4.47,,0.0,EUR,,,,Your interest payment,09601fdd-9392-4b1b-16cd-1980d5faf0c4,,,,
2026-04-02T08:05:00.000000Z,2026-04-02,DEFAULT,CASH,CARD_TRANSACTION,,CITY SUPERMARKET,,,,-37.24,,,EUR,,,,CITY SUPERMARKET,3534f16a-89e8-d924-1fff-90e27e2987ba,,,,5411.0
2026-04-02T09:05:00.000000Z,2026-04-02,DEFAULT,TRADING,BUY,FUND,Vanguard FTSE All-World (Acc),IE00EXAMPLE01,1.450877,144.74,-210.0,-0.0,,EUR,,,,,23191077-2ada-576b-5d58-c29725951a38,,,,
2026-04-02T09:05:00.000000Z,2026-04-02,DEFAULT,TRADING,BUY,FUND,iShares MSCI EM (Acc),IE00EXAMPLE02,1.283697,46.74,-60.0,-0.0,,EUR,,,,,27a2ad7f-0daa-89d9-4523-5f1a3be5d413,,,,
2026-04-02T09:05:00.000000Z,2026-04-02,DEFAULT,TRADING,BUY,FUND,Xetra-Gold,IE00EXAMPLE03,0.230592,130.1,-30.0,-0.0,,EUR,,,,,762c3055-70b4-69f7-4506-fed1a611a198,,,,
2026-04-02T15:42:00.000000Z,2026-04-02,DEFAULT,CASH,CARD_TRANSACTION,,CITY PHARMACY,,,,-5.18,,,EUR,,,,CITY PHARMACY,2d7c94eb-7d0f-37ca-4ec9-4045106b4974,,,,5912.0
2026-04-03T10:52:00.000000Z,2026-04-03,DEFAULT,CASH,CARD_TRANSACTION,,CITY PHARMACY,,,,-15.12,,,EUR,,,,CITY PHARMACY,6da98c34-783f-15f2-2501-5618f2c781f3,,,,5912.0
2026-04-03T11:00:00.000000Z,2026-04-03,DEFAULT,CASH,TRANSFER_DIRECT_DEBIT_INBOUND,,,,,,-29.9,,,EUR,,,,SEPA Direct Debit transfer to Example Fitness Club (DE00EXAMPLE0000000000),17ddc45d-37e9-25f4-1c11-18c3935eea01,,,,
2026-04-03T15:01:00.000000Z,2026-04-03,DEFAULT,CASH,CARD_TRANSACTION,,TRATTORIA ROMA,,,,-45.79,,,EUR,,,,TRATTORIA ROMA,1853ea46-1d87-2c1e-07e3-4b90d71dec22,,,,5812.0
2026-04-03T19:45:00.000000Z,2026-04-03,DEFAULT,CASH,CARD_TRANSACTION,,CITY SUPERMARKET,,,,-58.15,,,EUR,,,,CITY SUPERMARKET,31fb6982-513d-9ab1-43b5-6520800d99f1,,,,5411.0
2026-04-04T11:00:00.000000Z,2026-04-04,DEFAULT,CASH,TRANSFER_DIRECT_DEBIT_INBOUND,,,,,,-750.0,,,EUR,,,,SEPA Direct Debit transfer to Example Immobilien GmbH (DE00EXAMPLE0000000000),0cebf809-bd1a-a62b-61e5-64045f7223e2,,,,
2026-04-04T11:04:00.000000Z,2026-04-04,DEFAULT,CASH,CARD_TRANSACTION,,TRATTORIA ROMA,,,,-44.78,,,EUR,,,,TRATTORIA ROMA,46b3af9d-7f4d-c62f-6afe-47becdb68526,,,,5812.0
2026-04-05T03:00:00.000000Z,2026-04-05,DEFAULT,CASH,CARD_TRANSACTION,,STREAMFLIX,,,,-12.99,,,EUR,,,,STREAMFLIX,10147b43-19f7-9050-46d9-8d85320e4962,,,,4899.0
2026-04-05T03:00:00.000000Z,2026-04-05,DEFAULT,CASH,CARD_TRANSACTION,,MUSICBOX,,,,-10.99,,,EUR,,,,MUSICBOX,2c10a3a0-96fd-773c-7851-598162d76589,,,,5815.0
2026-04-05T10:27:00.000000Z,2026-04-05,DEFAULT,CASH,CARD_TRANSACTION,,METRO TRANSIT,,,,-10.62,,,EUR,,,,METRO TRANSIT,090b1528-d684-4456-03e6-cc65ebde2a57,,,,4111.0
2026-04-06T20:15:00.000000Z,2026-04-06,DEFAULT,CASH,CARD_TRANSACTION,,COFFEE CORNER,,,,-3.91,,,EUR,,,,COFFEE CORNER,01cdda74-a758-6b8e-2acf-ae17df9d4c3d,,,,5814.0
2026-04-09T08:14:00.000000Z,2026-04-09,DEFAULT,CASH,CARD_TRANSACTION,,CORNER BAKERY,,,,-3.12,,,EUR,,,,CORNER BAKERY,33bb55f8-7e9a-7189-44ab-96dbb308ab85,,,,5462.0
2026-04-09T12:25:00.000000Z,2026-04-09,DEFAULT,CASH,CARD_TRANSACTION,,METRO TRANSIT,,,,-10.34,,,EUR,,,,METRO TRANSIT,6583a079-4715-b350-60e3-4a3403809330,,,,4111.0
2026-04-10T12:37:00.000000Z,2026-04-10,DEFAULT,CASH,CARD_TRANSACTION,,CITY SUPERMARKET,,,,-56.71,,,EUR,,,,CITY SUPERMARKET,400a5790-ce0c-fe61-6249-26862b783533,,,,5411.0
2026-04-14T14:31:00.000000Z,2026-04-14,DEFAULT,CASH,CARD_TRANSACTION,,METRO TRANSIT,,,,-5.37,,,EUR,,,,METRO TRANSIT,6d5feb70-3a92-4ae2-02a9-2485a7dd01ef,,,,4111.0
2026-04-16T14:42:00.000000Z,2026-04-16,DEFAULT,CASH,CARD_TRANSACTION,,CITY SUPERMARKET,,,,-58.3,,,EUR,,,,CITY SUPERMARKET,718a7e9f-4c3c-bbcf-314f-c693b3c98b70,,,,5411.0
2026-04-16T15:27:00.000000Z,2026-04-16,DEFAULT,CASH,CARD_TRANSACTION,,METRO TRANSIT,,,,-11.61,,,EUR,,,,METRO TRANSIT,23b697de-76a9-fb6c-7ac6-19a84a3267de,,,,4111.0
2026-04-16T19:06:00.000000Z,2026-04-16,DEFAULT,CASH,CARD_TRANSACTION,,TRATTORIA ROMA,,,,-25.59,,,EUR,,,,TRATTORIA ROMA,673297ea-8909-5d4d-0d8b-5497ec7794fa,,,,5812.0
2026-04-17T14:43:00.000000Z,2026-04-17,DEFAULT,CASH,CARD_TRANSACTION,,COFFEE CORNER,,,,-6.86,,,EUR,,,,COFFEE CORNER,0898ca19-5a88-7cd7-15ff-d0b9476b7a0f,,,,5814.0
2026-04-17T18:30:00.000000Z,2026-04-17,DEFAULT,CASH,CARD_TRANSACTION,,CITY SUPERMARKET,,,,-54.41,,,EUR,,,,CITY SUPERMARKET,503b83b1-6407-07a8-36b5-ffee066891c8,,,,5411.0
2026-04-20T13:53:00.000000Z,2026-04-20,DEFAULT,CASH,CARD_TRANSACTION,,CORNER BAKERY,,,,-7.24,,,EUR,,,,CORNER BAKERY,7f721ba7-a684-51f8-25c4-876f206ca9b1,,,,5462.0
2026-04-20T14:38:00.000000Z,2026-04-20,DEFAULT,CASH,CARD_TRANSACTION,,CORNER BAKERY,,,,-8.16,,,EUR,,,,CORNER BAKERY,32bbeb46-2885-de83-51c2-bdf714f58691,,,,5462.0
2026-04-21T13:54:00.000000Z,2026-04-21,DEFAULT,CASH,CARD_TRANSACTION,,CORNER BAKERY,,,,-3.43,,,EUR,,,,CORNER BAKERY,39b7e6f1-56f2-029e-1a8b-31c29d855797,,,,5462.0
2026-04-21T14:09:00.000000Z,2026-04-21,DEFAULT,CASH,CARD_TRANSACTION,,COFFEE CORNER,,,,-4.09,,,EUR,,,,COFFEE CORNER,6fb647cc-c87b-fa99-4d35-cf6fdb4a0629,,,,5814.0
2026-04-22T18:02:00.000000Z,2026-04-22,DEFAULT,CASH,CARD_TRANSACTION,,CITY SUPERMARKET,,,,-34.21,,,EUR,,,,CITY SUPERMARKET,3cb9aa3a-c17b-4021-20aa-af6ab68dd4ef,,,,5411.0
2026-04-22T19:26:00.000000Z,2026-04-22,DEFAULT,CASH,CARD_TRANSACTION,,METRO TRANSIT,,,,-10.35,,,EUR,,,,METRO TRANSIT,57ca7ff0-f6e3-5fe4-4183-6562da6f6c99,,,,4111.0
2026-04-22T20:11:00.000000Z,2026-04-22,DEFAULT,CASH,CARD_TRANSACTION,,METRO TRANSIT,,,,-10.2,,,EUR,,,,METRO TRANSIT,2b8d94c2-2321-b1a4-132d-b8e623e73aff,,,,4111.0
2026-04-23T15:34:00.000000Z,2026-04-23,DEFAULT,CASH,CARD_TRANSACTION,,COFFEE CORNER,,,,-3.93,,,EUR,,,,COFFEE CORNER,56e9008c-0a92-a6bd-091c-0f5aab449b2d,,,,5814.0
2026-04-24T09:02:00.000000Z,2026-04-24,DEFAULT,CASH,CARD_TRANSACTION,,CITY PHARMACY,,,,-8.91,,,EUR,,,,CITY PHARMACY,74741d68-f3b8-4ab0-1bb2-a515ffaba399,,,,5912.0
2026-04-25T12:16:00.000000Z,2026-04-25,DEFAULT,CASH,CARD_TRANSACTION,,CITY SUPERMARKET,,,,-46.19,,,EUR,,,,CITY SUPERMARKET,6ebe54d9-ad57-14ca-28b3-b75bfb392ec7,,,,5411.0
2026-04-26T20:42:00.000000Z,2026-04-26,DEFAULT,CASH,CARD_TRANSACTION,,CITY SUPERMARKET,,,,-54.22,,,EUR,,,,CITY SUPERMARKET,75296b6e-cb78-cb05-4260-d94e3ea3b88d,,,,5411.0
2026-04-27T07:00:00.000000Z,2026-04-27,DEFAULT,CASH,TRANSFER_INBOUND,,,,,,2567.76,,,EUR,,,,Incoming transfer from Example Employer GmbH,39b052a0-f74d-029b-2f4a-d3c6156ceda5,,,,
2026-04-27T10:05:00.000000Z,2026-04-27,DEFAULT,CASH,CARD_TRANSACTION,,FASHION STORE,,,,-31.2,,,EUR,,,,FASHION STORE,099708bd-98fe-69ca-4b81-9b04e190c851,,,,5651.0
2026-04-27T10:57:00.000000Z,2026-04-27,DEFAULT,CASH,CARD_TRANSACTION,,COFFEE CORNER,,,,-4.28,,,EUR,,,,COFFEE CORNER,7cf42661-5f59-b7ae-0431-639058559ded,,,,5814.0
2026-04-28T09:30:00.000000Z,2026-04-28,DEFAULT,CASH,CARD_TRANSACTION,,CITY SUPERMARKET,,,,-41.54,,,EUR,,,,CITY SUPERMARKET,029b6f24-2c02-eb95-4063-ce100ffbe4ad,,,,5411.0
2026-04-28T11:59:00.000000Z,2026-04-28,DEFAULT,CASH,CARD_TRANSACTION,,TRATTORIA ROMA,,,,-22.35,,,EUR,,,,TRATTORIA ROMA,713ae68b-8c78-8569-1666-9006d616bcdb,,,,5812.0
2026-04-29T13:59:00.000000Z,2026-04-29,DEFAULT,CASH,CARD_TRANSACTION,,CITY SUPERMARKET,,,,-20.85,,,EUR,,,,CITY SUPERMARKET,42671310-853c-0000-3d58-d4876721110b,,,,5411.0
2026-04-29T18:07:00.000000Z,2026-04-29,DEFAULT,CASH,CARD_TRANSACTION,,TRATTORIA ROMA,,,,-43.88,,,EUR,,,,TRATTORIA ROMA,3dfe0d9f-2c6e-dadc-759b-2c31beab28ab,,,,5812.0
2026-04-30T14:17:00.000000Z,2026-04-30,DEFAULT,CASH,CARD_TRANSACTION,,FUEL STATION,,,,-56.51,,,EUR,,,,FUEL STATION,5b5fc974-200a-ae0d-7fa7-e0df97f87067,,,,5541.0
2026-04-30T18:39:00.000000Z,2026-04-30,DEFAULT,CASH,CARD_TRANSACTION,,TRATTORIA ROMA,,,,-22.95,,,EUR,,,,TRATTORIA ROMA,08e90368-1559-f8b4-3f22-a5e6f94fd0ab,,,,5812.0
2026-05-01T06:00:00.000000Z,2026-05-01,DEFAULT,CASH,INTEREST_PAYMENT,,,,,,4.47,,0.0,EUR,,,,Your interest payment,078a89af-d70a-d9f4-19cc-722de89d9da2,,,,
2026-05-01T11:00:00.000000Z,2026-05-01,DEFAULT,CASH,TRANSFER_DIRECT_DEBIT_INBOUND,,,,,,-29.9,,,EUR,,,,SEPA Direct Debit transfer to Example Fitness Club (DE00EXAMPLE0000000000),6b86fcf1-3046-cc95-75ce-6f111d81c873,,,,
2026-05-03T11:00:00.000000Z,2026-05-03,DEFAULT,CASH,TRANSFER_DIRECT_DEBIT_INBOUND,,,,,,-750.0,,,EUR,,,,SEPA Direct Debit transfer to Example Immobilien GmbH (DE00EXAMPLE0000000000),46860080-f1fa-b41b-0786-cb06293b7811,,,,
2026-05-04T09:05:00.000000Z,2026-05-04,DEFAULT,TRADING,BUY,FUND,Vanguard FTSE All-World (Acc),IE00EXAMPLE01,1.358696,154.56,-210.0,-0.0,,EUR,,,,,2119790f-9dc9-cedb-68ed-3146e44a2c80,,,,
2026-05-04T09:05:00.000000Z,2026-05-04,DEFAULT,TRADING,BUY,FUND,iShares MSCI EM (Acc),IE00EXAMPLE02,1.144056,52.445,-60.0,-0.0,,EUR,,,,,00644e68-a3f4-ba63-4f51-967a38e3f239,,,,
2026-05-04T09:05:00.000000Z,2026-05-04,DEFAULT,TRADING,BUY,FUND,Xetra-Gold,IE00EXAMPLE03,0.240732,124.62,-30.0,-0.0,,EUR,,,,,77a61f50-b8cc-e674-64d8-984be8241243,,,,
2026-05-04T12:56:00.000000Z,2026-05-04,DEFAULT,CASH,CARD_TRANSACTION,,CITY SUPERMARKET,,,,-56.43,,,EUR,,,,CITY SUPERMARKET,7047484b-ba25-56c1-4281-cbc25d2bbc34,,,,5411.0
2026-05-04T18:30:00.000000Z,2026-05-04,DEFAULT,CASH,CARD_TRANSACTION,,CORNER BAKERY,,,,-4.82,,,EUR,,,,CORNER BAKERY,13be4148-41e8-b5cf-5c2d-8feb697bdd69,,,,5462.0
2026-05-05T03:00:00.000000Z,2026-05-05,DEFAULT,CASH,CARD_TRANSACTION,,MUSICBOX,,,,-10.99,,,EUR,,,,MUSICBOX,7f811915-1b22-4cca-0db9-15c25f766b56,,,,5815.0
2026-05-05T03:00:00.000000Z,2026-05-05,DEFAULT,CASH,CARD_TRANSACTION,,STREAMFLIX,,,,-12.99,,,EUR,,,,STREAMFLIX,4330a5b0-ffb8-6cb7-6cda-edd66f09c40d,,,,4899.0
2026-05-06T09:54:00.000000Z,2026-05-06,DEFAULT,CASH,CARD_TRANSACTION,,FASHION STORE,,,,-51.47,,,EUR,,,,FASHION STORE,52ee6274-0274-628c-052f-11d509bd546b,,,,5651.0
2026-05-06T11:22:00.000000Z,2026-05-06,DEFAULT,CASH,CARD_TRANSACTION,,COFFEE CORNER,,,,-3.93,,,EUR,,,,COFFEE CORNER,11ad6a82-48d2-a421-1e51-72c0123eac9c,,,,5814.0
2026-05-06T14:53:00.000000Z,2026-05-06,DEFAULT,CASH,CARD_TRANSACTION,,CITY SUPERMARKET,,,,-52.11,,,EUR,,,,CITY SUPERMARKET,79e1b69f-6deb-a3ad-282d-701dc210da5a,,,,5411.0
2026-05-07T10:25:00.000000Z,2026-05-07,DEFAULT,CASH,CARD_TRANSACTION,,CORNER BAKERY,,,,-4.17,,,EUR,,,,CORNER BAKERY,72b9785d-dce1-56eb-035a-d4049cf8a27f,,,,5462.0
2026-05-07T20:39:00.000000Z,2026-05-07,DEFAULT,CASH,CARD_TRANSACTION,,CITY PHARMACY,,,,-8.78,,,EUR,,,,CITY PHARMACY,153022e0-cbfd-a7a3-544a-a0e92e3cdee9,,,,5912.0
2026-05-08T16:02:00.000000Z,2026-05-08,DEFAULT,CASH,CARD_TRANSACTION,,CORNER BAKERY,,,,-5.63,,,EUR,,,,CORNER BAKERY,1715732b-4e62-d97b-60d5-830f388d0a38,,,,5462.0
2026-05-09T08:57:00.000000Z,2026-05-09,DEFAULT,CASH,CARD_TRANSACTION,,COFFEE CORNER,,,,-7.51,,,EUR,,,,COFFEE CORNER,6a6a12fa-e67b-6c12-2f9d-d1b08ccf47d3,,,,5814.0
2026-05-09T11:38:00.000000Z,2026-05-09,DEFAULT,CASH,CARD_TRANSACTION,,COFFEE CORNER,,,,-6.07,,,EUR,,,,COFFEE CORNER,1d3d6803-9eb7-9f7f-4bcd-71a22d575a98,,,,5814.0
2026-05-09T12:09:00.000000Z,2026-05-09,DEFAULT,CASH,CARD_TRANSACTION,,METRO TRANSIT,,,,-11.21,,,EUR,,,,METRO TRANSIT,0e0887f0-47e1-b9ed-3aa1-a98bf3ca854b,,,,4111.0
2026-05-10T17:34:00.000000Z,2026-05-10,DEFAULT,CASH,CARD_TRANSACTION,,COFFEE CORNER,,,,-5.84,,,EUR,,,,COFFEE CORNER,6a141259-e6fa-4671-1e3e-c10931233b23,,,,5814.0
2026-05-11T14:14:00.000000Z,2026-05-11,DEFAULT,CASH,CARD_TRANSACTION,,CITY PHARMACY,,,,-8.72,,,EUR,,,,CITY PHARMACY,4ac2966d-d603-60e7-05c0-a3d1277921fa,,,,5912.0
2026-05-11T17:49:00.000000Z,2026-05-11,DEFAULT,CASH,CARD_TRANSACTION,,CITY PHARMACY,,,,-15.52,,,EUR,,,,CITY PHARMACY,3516aa9a-53a7-09a3-29e0-bc14addb778b,,,,5912.0
2026-05-12T14:46:00.000000Z,2026-05-12,DEFAULT,CASH,CARD_TRANSACTION,,CORNER BAKERY,,,,-3.88,,,EUR,,,,CORNER BAKERY,374aa9eb-db9f-79cf-245a-4d7684a0522b,,,,5462.0
2026-05-12T16:47:00.000000Z,2026-05-12,DEFAULT,CASH,CARD_TRANSACTION,,TRATTORIA ROMA,,,,-45.62,,,EUR,,,,TRATTORIA ROMA,027c7227-c134-fca8-22f6-0773cc6d0ef0,,,,5812.0
2026-05-14T18:33:00.000000Z,2026-05-14,DEFAULT,CASH,CARD_TRANSACTION,,CITY SUPERMARKET,,,,-15.96,,,EUR,,,,CITY SUPERMARKET,53f64581-d8f6-2d9f-06a6-61304b07889c,,,,5411.0
2026-05-15T10:00:00.000000Z,2026-05-15,DEFAULT,CASH,DIVIDEND,STOCK,Microsoft,US0EXAMPLE05,3.883223,,2.5,,,EUR,2.91,USD,1.1662,,6980a96a-cb76-5878-4681-a6e973ff1531,,,,
2026-05-15T10:00:00.000000Z,2026-05-15,DEFAULT,CASH,DIVIDEND,STOCK,Apple,US0EXAMPLE04,7.696065,,1.59,,,EUR,1.85,USD,1.1662,,6d43e29d-0298-d062-32cf-6954e0abd5e8,,,,
2026-05-19T19:07:00.000000Z,2026-05-19,DEFAULT,CASH,CARD_TRANSACTION,,CORNER BAKERY,,,,-6.07,,,EUR,,,,CORNER BAKERY,153376fd-0ab8-1080-4b96-bad4785ad2bd,,,,5462.0
2026-05-21T08:42:00.000000Z,2026-05-21,DEFAULT,CASH,CARD_TRANSACTION,,COFFEE CORNER,,,,-3.75,,,EUR,,,,COFFEE CORNER,20e60828-d053-0f09-633a-d7dc7885a300,,,,5814.0
2026-05-21T18:25:00.000000Z,2026-05-21,DEFAULT,CASH,CARD_TRANSACTION,,FUEL STATION,,,,-56.07,,,EUR,,,,FUEL STATION,5165cd6f-712d-57be-652c-4310ef31c7ba,,,,5541.0
2026-05-23T11:01:00.000000Z,2026-05-23,DEFAULT,CASH,CARD_TRANSACTION,,CITY SUPERMARKET,,,,-13.45,,,EUR,,,,CITY SUPERMARKET,41714d9e-e5de-8892-67e2-66f1ca96f92e,,,,5411.0
2026-05-23T20:31:00.000000Z,2026-05-23,DEFAULT,CASH,CARD_TRANSACTION,,CORNER BAKERY,,,,-4.92,,,EUR,,,,CORNER BAKERY,1ccf4ebe-a64b-28a7-3c5d-7ad89bc75a54,,,,5462.0
2026-05-24T20:32:00.000000Z,2026-05-24,DEFAULT,CASH,CARD_TRANSACTION,,COFFEE CORNER,,,,-3.07,,,EUR,,,,COFFEE CORNER,00493e41-a51c-96c5-415d-53dc56ba3687,,,,5814.0
2026-05-27T07:00:00.000000Z,2026-05-27,DEFAULT,CASH,TRANSFER_INBOUND,,,,,,2601.37,,,EUR,,,,Incoming transfer from Example Employer GmbH,429affad-0349-9755-6626-288b70928139,,,,
2026-05-28T09:01:00.000000Z,2026-05-28,DEFAULT,CASH,CARD_TRANSACTION,,CITY SUPERMARKET,,,,-44.98,,,EUR,,,,CITY SUPERMARKET,1dfd65f3-8abc-b098-5d77-a4c7c4c442aa,,,,5411.0
2026-05-28T16:22:00.000000Z,2026-05-28,DEFAULT,CASH,CARD_TRANSACTION,,METRO TRANSIT,,,,-7.4,,,EUR,,,,METRO TRANSIT,47010ca3-2471-2dad-0297-d6cbddeaee69,,,,4111.0
2026-05-29T09:34:00.000000Z,2026-05-29,DEFAULT,CASH,CARD_TRANSACTION,,CORNER BAKERY,,,,-4.21,,,EUR,,,,CORNER BAKERY,61515f54-8fa0-8bc3-426c-500021cc2078,,,,5462.0
2026-05-31T12:46:00.000000Z,2026-05-31,DEFAULT,CASH,CARD_TRANSACTION,,SKYLINE AIRLINES,,,,-104.66,,,EUR,,,,SKYLINE AIRLINES,24e9db01-e1ef-246e-444d-a87261f909b7,,,,4511.0
2026-06-01T06:00:00.000000Z,2026-06-01,DEFAULT,CASH,INTEREST_PAYMENT,,,,,,3.84,,0.0,EUR,,,,Your interest payment,10b8fbd7-0104-219e-32e0-6e473abd46f5,,,,
2026-06-01T16:25:00.000000Z,2026-06-01,DEFAULT,CASH,CARD_TRANSACTION,,CITY SUPERMARKET,,,,-20.2,,,EUR,,,,CITY SUPERMARKET,2edc8ce3-0ccf-3361-063a-bc3375e17b67,,,,5411.0
2026-06-02T09:05:00.000000Z,2026-06-02,DEFAULT,TRADING,BUY,FUND,Xetra-Gold,IE00EXAMPLE03,0.240809,124.58,-30.0,-0.0,,EUR,,,,,3a3e272e-5629-438b-4f1d-0b24e2c2559e,,,,
2026-06-02T09:05:00.000000Z,2026-06-02,DEFAULT,TRADING,BUY,FUND,Vanguard FTSE All-World (Acc),IE00EXAMPLE01,1.273654,164.88,-210.0,-0.0,,EUR,,,,,3f386f39-030f-4a98-6d97-ccc19c0b9cb3,,,,
2026-06-02T09:05:00.000000Z,2026-06-02,DEFAULT,TRADING,BUY,FUND,iShares MSCI EM (Acc),IE00EXAMPLE02,1.030397,58.23,-60.0,-0.0,,EUR,,,,,62a1afee-8b97-a53f-0269-ba81b9158303,,,,
2026-06-02T09:24:00.000000Z,2026-06-02,DEFAULT,CASH,CARD_TRANSACTION,,FUEL STATION,,,,-42.71,,,EUR,,,,FUEL STATION,6ff40d9c-e4fb-388c-78d8-c39c5bc1c8c6,,,,5541.0
2026-06-02T10:24:00.000000Z,2026-06-02,DEFAULT,CASH,CARD_TRANSACTION,,COFFEE CORNER,,,,-7.89,,,EUR,,,,COFFEE CORNER,37a14ff2-ef3d-72d8-1745-ba901b8601c6,,,,5814.0
2026-06-02T11:00:00.000000Z,2026-06-02,DEFAULT,CASH,TRANSFER_DIRECT_DEBIT_INBOUND,,,,,,-29.9,,,EUR,,,,SEPA Direct Debit transfer to Example Fitness Club (DE00EXAMPLE0000000000),2923a851-0fe2-5569-4b63-ef7f603cd38c,,,,
2026-06-03T19:49:00.000000Z,2026-06-03,DEFAULT,CASH,CARD_TRANSACTION,,TRATTORIA ROMA,,,,-31.48,,,EUR,,,,TRATTORIA ROMA,6ca12cf0-37f0-c69c-1866-fb5a6bc78206,,,,5812.0
2026-06-04T11:00:00.000000Z,2026-06-04,DEFAULT,CASH,TRANSFER_DIRECT_DEBIT_INBOUND,,,,,,-750.0,,,EUR,,,,SEPA Direct Debit transfer to Example Immobilien GmbH (DE00EXAMPLE0000000000),18071349-ee1a-967d-60ce-abe931438bc7,,,,
2026-06-05T03:00:00.000000Z,2026-06-05,DEFAULT,CASH,CARD_TRANSACTION,,MUSICBOX,,,,-10.99,,,EUR,,,,MUSICBOX,2c87069d-aa39-16cd-248b-8f03031b6720,,,,5815.0
2026-06-05T03:00:00.000000Z,2026-06-05,DEFAULT,CASH,CARD_TRANSACTION,,STREAMFLIX,,,,-12.99,,,EUR,,,,STREAMFLIX,5e5afd0a-2b79-5054-7f9a-ba5fe31c4d00,,,,4899.0
2026-06-05T09:26:00.000000Z,2026-06-05,DEFAULT,CASH,CARD_TRANSACTION,,FASHION STORE,,,,-63.81,,,EUR,,,,FASHION STORE,67cb87c2-d21e-bd46-2b90-684af8205ace,,,,5651.0
2026-06-05T11:49:00.000000Z,2026-06-05,DEFAULT,CASH,CARD_TRANSACTION,,TRATTORIA ROMA,,,,-20.93,,,EUR,,,,TRATTORIA ROMA,3e9f0edd-eab3-3618-09a4-6f65cb8f56a2,,,,5812.0
2026-06-06T10:58:00.000000Z,2026-06-06,DEFAULT,CASH,CARD_TRANSACTION,,COFFEE CORNER,,,,-4.0,,,EUR,,,,COFFEE CORNER,001e58bf-0fde-e79c-3ca4-6bf4020de703,,,,5814.0
2026-06-06T11:21:00.000000Z,2026-06-06,DEFAULT,CASH,CARD_TRANSACTION,,COFFEE CORNER,,,,-5.24,,,EUR,,,,COFFEE CORNER,29b92ce2-cfd0-f1dc-22b9-1bdb444b57b5,,,,5814.0
2026-06-07T08:28:00.000000Z,2026-06-07,DEFAULT,CASH,CARD_TRANSACTION,,CORNER BAKERY,,,,-3.01,,,EUR,,,,CORNER BAKERY,567eed5e-bc95-e17f-200c-57242c28dd6a,,,,5462.0
2026-06-07T13:02:00.000000Z,2026-06-07,DEFAULT,CASH,CARD_TRANSACTION,,COFFEE CORNER,,,,-4.36,,,EUR,,,,COFFEE CORNER,7f55b7f7-4921-06a4-758e-01ce5887ac5e,,,,5814.0
2026-06-07T18:33:00.000000Z,2026-06-07,DEFAULT,CASH,CARD_TRANSACTION,,METRO TRANSIT,,,,-4.14,,,EUR,,,,METRO TRANSIT,0fedf09a-d72c-31f8-3557-7b84d4e6b694,,,,4111.0
2026-06-07T19:19:00.000000Z,2026-06-07,DEFAULT,CASH,CARD_TRANSACTION,,COFFEE CORNER,,,,-4.99,,,EUR,,,,COFFEE CORNER,4fc141f9-ba27-cfb5-7625-58272b5a1caa,,,,5814.0
2026-06-08T15:39:00.000000Z,2026-06-08,DEFAULT,CASH,CARD_TRANSACTION,,CITY SUPERMARKET,,,,-39.93,,,EUR,,,,CITY SUPERMARKET,4067825c-c03a-f8e4-0b86-ec690ea556ec,,,,5411.0
2026-06-08T20:51:00.000000Z,2026-06-08,DEFAULT,CASH,CARD_TRANSACTION,,CITY SUPERMARKET,,,,-54.53,,,EUR,,,,CITY SUPERMARKET,4768d4a7-83e6-5b48-5cb2-504d860dedd2,,,,5411.0
2026-06-09T10:38:00.000000Z,2026-06-09,DEFAULT,CASH,CARD_TRANSACTION,,COFFEE CORNER,,,,-6.19,,,EUR,,,,COFFEE CORNER,73261d45-75f4-c8bb-0dfc-98fa40d409de,,,,5814.0
2026-06-09T17:38:00.000000Z,2026-06-09,DEFAULT,CASH,CARD_TRANSACTION,,COFFEE CORNER,,,,-3.27,,,EUR,,,,COFFEE CORNER,2b910a4f-ed33-b15d-5849-cadc08742f4f,,,,5814.0
2026-06-12T17:38:00.000000Z,2026-06-12,DEFAULT,CASH,CARD_TRANSACTION,,CORNER BAKERY,,,,-4.46,,,EUR,,,,CORNER BAKERY,231a3fe1-8139-5eb4-6821-a35270255aa2,,,,5462.0
2026-06-13T11:04:00.000000Z,2026-06-13,DEFAULT,CASH,CARD_TRANSACTION,,COFFEE CORNER,,,,-5.34,,,EUR,,,,COFFEE CORNER,295c43da-e7ac-3f1c-24b5-0470469d6093,,,,5814.0
2026-06-18T13:52:00.000000Z,2026-06-18,DEFAULT,CASH,CARD_TRANSACTION,,FASHION STORE,,,,-51.0,,,EUR,,,,FASHION STORE,142989b3-57b2-bd72-273a-bfbeb97a2dc6,,,,5651.0
2026-06-19T17:58:00.000000Z,2026-06-19,DEFAULT,CASH,CARD_TRANSACTION,,CITY SUPERMARKET,,,,-16.92,,,EUR,,,,CITY SUPERMARKET,34f76465-458f-291a-62fe-17aefab1c35c,,,,5411.0
2026-06-20T19:13:00.000000Z,2026-06-20,DEFAULT,CASH,CARD_TRANSACTION,,COFFEE CORNER,,,,-3.53,,,EUR,,,,COFFEE CORNER,7c93a6fc-0d81-5c93-6e9c-189e1392344f,,,,5814.0
2026-06-20T20:22:00.000000Z,2026-06-20,DEFAULT,CASH,CARD_TRANSACTION,,COFFEE CORNER,,,,-6.5,,,EUR,,,,COFFEE CORNER,2931b2bf-5f72-96f5-6db7-5f737805a22c,,,,5814.0
2026-06-21T10:44:00.000000Z,2026-06-21,DEFAULT,CASH,CARD_TRANSACTION,,CORNER BAKERY,,,,-7.62,,,EUR,,,,CORNER BAKERY,5caf8bc6-c253-f5cb-0322-45fe32ce2e62,,,,5462.0
2026-06-21T15:08:00.000000Z,2026-06-21,DEFAULT,CASH,CARD_TRANSACTION,,COFFEE CORNER,,,,-5.75,,,EUR,,,,COFFEE CORNER,392a1491-473c-caaf-418f-531a52608d16,,,,5814.0
2026-06-25T18:52:00.000000Z,2026-06-25,DEFAULT,CASH,CARD_TRANSACTION,,METRO TRANSIT,,,,-10.94,,,EUR,,,,METRO TRANSIT,0dbe2a06-8e31-f297-4982-92d2ff2c474a,,,,4111.0
2026-06-26T10:01:00.000000Z,2026-06-26,DEFAULT,CASH,CARD_TRANSACTION,,CITY SUPERMARKET,,,,-69.4,,,EUR,,,,CITY SUPERMARKET,3f2a130a-d783-f4bb-2d81-a5af127ba0a3,,,,5411.0
2026-06-27T07:00:00.000000Z,2026-06-27,DEFAULT,CASH,TRANSFER_INBOUND,,,,,,2607.3,,,EUR,,,,Incoming transfer from Example Employer GmbH,2dc5c735-0214-443c-3d4d-32c97f88d2ae,,,,
2026-06-29T16:37:00.000000Z,2026-06-29,DEFAULT,CASH,CARD_TRANSACTION,,COFFEE CORNER,,,,-7.25,,,EUR,,,,COFFEE CORNER,2a5b9cb3-6f5a-90c7-18fa-738cbd09b006,,,,5814.0
2026-06-30T09:09:00.000000Z,2026-06-30,DEFAULT,CASH,CARD_TRANSACTION,,CORNER BAKERY,,,,-6.96,,,EUR,,,,CORNER BAKERY,60a4b44f-7dbd-25b0-04c1-ae399b1e137f,,,,5462.0
2026-06-30T16:50:00.000000Z,2026-06-30,DEFAULT,CASH,CARD_TRANSACTION,,CITY SUPERMARKET,,,,-43.94,,,EUR,,,,CITY SUPERMARKET,62a3539c-d654-6b1c-2897-68ebd1de2df5,,,,5411.0
2026-07-01T06:00:00.000000Z,2026-07-01,DEFAULT,CASH,INTEREST_PAYMENT,,,,,,3.6,,0.0,EUR,,,,Your interest payment,3d3f45e2-158a-1741-4330-43699e5f77bc,,,,
2026-07-01T11:00:00.000000Z,2026-07-01,DEFAULT,CASH,TRANSFER_DIRECT_DEBIT_INBOUND,,,,,,-750.0,,,EUR,,,,SEPA Direct Debit transfer to Example Immobilien GmbH (DE00EXAMPLE0000000000),634afbc4-f1bf-ac6b-7d1e-ea84bd30e207,,,,
2026-07-01T14:39:00.000000Z,2026-07-01,DEFAULT,CASH,CARD_TRANSACTION,,CITY PHARMACY,,,,-22.6,,,EUR,,,,CITY PHARMACY,34a4d902-fd88-163a-337a-46ec25ca41c5,,,,5912.0
2026-07-02T09:05:00.000000Z,2026-07-02,DEFAULT,TRADING,BUY,FUND,Vanguard FTSE All-World (Acc),IE00EXAMPLE01,1.272882,164.98,-210.0,-0.0,,EUR,,,,,3c5e2b4c-80aa-cfa4-1f4d-d5d2dd637df4,,,,
2026-07-02T09:05:00.000000Z,2026-07-02,DEFAULT,TRADING,BUY,FUND,iShares MSCI EM (Acc),IE00EXAMPLE02,1.081471,55.48,-60.0,-0.0,,EUR,,,,,5d0eda10-3661-8986-6d61-22ebe5b37c14,,,,
2026-07-02T09:05:00.000000Z,2026-07-02,DEFAULT,TRADING,BUY,FUND,Xetra-Gold,IE00EXAMPLE03,0.258532,116.04,-30.0,-0.0,,EUR,,,,,33319a18-b704-19d0-5594-353830fc8c6c,,,,
2026-07-04T11:00:00.000000Z,2026-07-04,DEFAULT,CASH,TRANSFER_DIRECT_DEBIT_INBOUND,,,,,,-29.9,,,EUR,,,,SEPA Direct Debit transfer to Example Fitness Club (DE00EXAMPLE0000000000),2bd0fa66-61ba-78ed-2fd1-d48170777183,,,,
2026-07-05T03:00:00.000000Z,2026-07-05,DEFAULT,CASH,CARD_TRANSACTION,,MUSICBOX,,,,-10.99,,,EUR,,,,MUSICBOX,19d0e9ae-8473-177f-5d9d-9332af677af6,,,,5815.0
2026-07-05T03:00:00.000000Z,2026-07-05,DEFAULT,CASH,CARD_TRANSACTION,,STREAMFLIX,,,,-12.99,,,EUR,,,,STREAMFLIX,117c40c9-36d0-49ca-6341-1bc45fb918b8,,,,4899.0
2026-07-05T13:46:00.000000Z,2026-07-05,DEFAULT,CASH,CARD_TRANSACTION,,CORNER BAKERY,,,,-4.72,,,EUR,,,,CORNER BAKERY,0929c5d0-c692-a134-04a9-cd531cdb83f0,,,,5462.0
2026-07-05T17:16:00.000000Z,2026-07-05,DEFAULT,CASH,CARD_TRANSACTION,,METRO TRANSIT,,,,-11.6,,,EUR,,,,METRO TRANSIT,286d2a85-c046-000b-1739-e64b9dd8e450,,,,4111.0
2026-07-06T08:20:00.000000Z,2026-07-06,DEFAULT,CASH,CARD_TRANSACTION,,CORNER BAKERY,,,,-6.83,,,EUR,,,,CORNER BAKERY,1aceb1f7-cb5d-de2b-1ce1-b49c8244566c,,,,5462.0
2026-07-13T10:31:00.000000Z,2026-07-13,DEFAULT,CASH,CARD_TRANSACTION,,METRO TRANSIT,,,,-9.13,,,EUR,,,,METRO TRANSIT,40fc9a77-6eb0-14dc-7865-f0f1b19c380a,,,,4111.0
2026-07-13T16:49:00.000000Z,2026-07-13,DEFAULT,CASH,CARD_TRANSACTION,,BOOK HOUSE,,,,-11.84,,,EUR,,,,BOOK HOUSE,016060b8-b386-1552-0fbd-819b68c530f9,,,,5942.0
2026-07-14T08:20:00.000000Z,2026-07-14,DEFAULT,CASH,CARD_TRANSACTION,,CITY SUPERMARKET,,,,-58.03,,,EUR,,,,CITY SUPERMARKET,1f7a8ea8-3b31-b60e-4e52-901da1994518,,,,5411.0
2026-07-14T19:26:00.000000Z,2026-07-14,DEFAULT,CASH,CARD_TRANSACTION,,CITY SUPERMARKET,,,,-23.24,,,EUR,,,,CITY SUPERMARKET,2c214c73-ecd2-4373-4b91-37dab5e3b81b,,,,5411.0
2026-07-15T10:12:00.000000Z,2026-07-15,DEFAULT,CASH,CARD_TRANSACTION,,METRO TRANSIT,,,,-3.41,,,EUR,,,,METRO TRANSIT,3b377866-287e-8a9a-684a-8f01bc7f51f2,,,,4111.0
2026-07-16T10:26:00.000000Z,2026-07-16,DEFAULT,CASH,CARD_TRANSACTION,,TRATTORIA ROMA,,,,-28.08,,,EUR,,,,TRATTORIA ROMA,54541b99-c4c5-9c92-48ea-215e0ae1f5cb,,,,5812.0
2026-07-17T13:34:00.000000Z,2026-07-17,DEFAULT,CASH,CARD_TRANSACTION,,CORNER BAKERY,,,,-8.21,,,EUR,,,,CORNER BAKERY,0e2ed6a2-7589-3d9a-192c-933e75c68ee1,,,,5462.0
2026-07-18T08:30:00.000000Z,2026-07-18,DEFAULT,CASH,CARD_TRANSACTION,,CITY SUPERMARKET,,,,-20.62,,,EUR,,,,CITY SUPERMARKET,39309f64-358c-1218-4583-359f17d98c81,,,,5411.0
2026-07-19T16:14:00.000000Z,2026-07-19,DEFAULT,CASH,CARD_TRANSACTION,,CORNER BAKERY,,,,-8.46,,,EUR,,,,CORNER BAKERY,5f7b1aca-b0a7-657a-5745-368860c2042e,,,,5462.0
2026-07-20T11:31:00.000000Z,2026-07-20,DEFAULT,CASH,CARD_TRANSACTION,,CORNER BAKERY,,,,-5.18,,,EUR,,,,CORNER BAKERY,3dc3c986-18e8-74ff-7649-b76c68479bf7,,,,5462.0
2026-07-21T11:41:00.000000Z,2026-07-21,DEFAULT,CASH,CARD_TRANSACTION,,HOTEL SEASIDE,,,,-230.56,,,EUR,,,,HOTEL SEASIDE,26964bc2-80c9-4ef5-11a6-b18a4bb4937d,,,,7011.0
2026-07-21T13:01:00.000000Z,2026-07-21,DEFAULT,CASH,CARD_TRANSACTION,,METRO TRANSIT,,,,-5.13,,,EUR,,,,METRO TRANSIT,4013e2b1-dc56-d448-4531-755c7ffeaa71,,,,4111.0
2026-07-22T18:04:00.000000Z,2026-07-22,DEFAULT,CASH,CARD_TRANSACTION,,COFFEE CORNER,,,,-5.15,,,EUR,,,,COFFEE CORNER,0a7c59cb-bbea-63f2-2349-01436073c2cf,,,,5814.0
2026-07-23T10:32:00.000000Z,2026-07-23,DEFAULT,CASH,CARD_TRANSACTION,,TRATTORIA ROMA,,,,-41.83,,,EUR,,,,TRATTORIA ROMA,32dbd633-213f-4a0f-0090-359bd2f1aaef,,,,5812.0
2026-07-23T17:21:00.000000Z,2026-07-23,DEFAULT,CASH,CARD_TRANSACTION,,METRO TRANSIT,,,,-9.16,,,EUR,,,,METRO TRANSIT,3edbc4f0-3a22-3a07-0227-5a35685de322,,,,4111.0
2026-07-24T11:57:00.000000Z,2026-07-24,DEFAULT,CASH,CARD_TRANSACTION,,CITY SUPERMARKET,,,,-16.07,,,EUR,,,,CITY SUPERMARKET,2b15f074-623c-6fc8-66f2-8b12dae5fa99,,,,5411.0
2026-07-26T10:58:00.000000Z,2026-07-26,DEFAULT,CASH,CARD_TRANSACTION,,CITY PHARMACY,,,,-24.67,,,EUR,,,,CITY PHARMACY,74593a39-e44c-48e2-4bfb-845d97a9403c,,,,5912.0
2026-07-27T07:00:00.000000Z,2026-07-27,DEFAULT,CASH,TRANSFER_INBOUND,,,,,,2617.51,,,EUR,,,,Incoming transfer from Example Employer GmbH,6da44162-35e9-3a29-5d42-8e75630b8f03,,,,
2026-07-29T20:19:00.000000Z,2026-07-29,DEFAULT,CASH,CARD_TRANSACTION,,TRATTORIA ROMA,,,,-36.64,,,EUR,,,,TRATTORIA ROMA,7602ed63-bd97-e7e9-40ef-fdfe6a16499a,,,,5812.0
2026-07-30T17:04:00.000000Z,2026-07-30,DEFAULT,CASH,CARD_TRANSACTION,,METRO TRANSIT,,,,-8.35,,,EUR,,,,METRO TRANSIT,37d6ed0e-3a98-ab6b-4a1d-332bb3f67803,,,,4111.0
2026-07-31T10:26:00.000000Z,2026-07-31,DEFAULT,CASH,CARD_TRANSACTION,,METRO TRANSIT,,,,-10.58,,,EUR,,,,METRO TRANSIT,610633ab-c76c-6c43-37ea-c43ec8892cab,,,,4111.0
2026-08-01T06:00:00.000000Z,2026-08-01,DEFAULT,CASH,INTEREST_PAYMENT,,,,,,2.46,,0.0,EUR,,,,Your interest payment,258d5152-4ccb-f7fc-1e72-5428b2ff92db,,,,
2026-08-01T12:01:00.000000Z,2026-08-01,DEFAULT,CASH,CARD_TRANSACTION,,COFFEE CORNER,,,,-3.16,,,EUR,,,,COFFEE CORNER,4f84919b-cf14-e28d-5036-3cac4962fe56,,,,5814.0
2026-08-02T11:00:00.000000Z,2026-08-02,DEFAULT,CASH,TRANSFER_DIRECT_DEBIT_INBOUND,,,,,,-29.9,,,EUR,,,,SEPA Direct Debit transfer to Example Fitness Club (DE00EXAMPLE0000000000),1f4cf979-c3d1-97bd-5912-8e33c2b6eb7d,,,,
2026-08-02T11:00:00.000000Z,2026-08-02,DEFAULT,CASH,TRANSFER_DIRECT_DEBIT_INBOUND,,,,,,-750.0,,,EUR,,,,SEPA Direct Debit transfer to Example Immobilien GmbH (DE00EXAMPLE0000000000),38a4be76-1a3e-ab45-5152-a1e9f58a867c,,,,
2026-08-03T09:05:00.000000Z,2026-08-03,DEFAULT,TRADING,BUY,FUND,iShares MSCI EM (Acc),IE00EXAMPLE02,1.120657,53.54,-60.0,-0.0,,EUR,,,,,50ab8e83-d7fb-56a3-02fa-32b6ce891bba,,,,
2026-08-03T09:05:00.000000Z,2026-08-03,DEFAULT,TRADING,BUY,FUND,Xetra-Gold,IE00EXAMPLE03,0.265934,112.81,-30.0,-0.0,,EUR,,,,,23acc673-469f-4084-40b0-decee761b5f1,,,,
2026-08-03T09:05:00.000000Z,2026-08-03,DEFAULT,TRADING,BUY,FUND,Vanguard FTSE All-World (Acc),IE00EXAMPLE01,1.271956,165.1,-210.0,-0.0,,EUR,,,,,798b99bd-9096-023e-3b45-1e25c2812624,,,,
2026-08-05T03:00:00.000000Z,2026-08-05,DEFAULT,CASH,CARD_TRANSACTION,,STREAMFLIX,,,,-12.99,,,EUR,,,,STREAMFLIX,432c7ccb-e406-0a52-4eb7-eb44a78ae4a6,,,,4899.0
2026-08-05T03:00:00.000000Z,2026-08-05,DEFAULT,CASH,CARD_TRANSACTION,,MUSICBOX,,,,-10.99,,,EUR,,,,MUSICBOX,195dacc3-1e44-9161-72a7-4ee02f098207,,,,5815.0
2026-08-05T17:59:00.000000Z,2026-08-05,DEFAULT,CASH,CARD_TRANSACTION,,CITY SUPERMARKET,,,,-63.01,,,EUR,,,,CITY SUPERMARKET,0f938c1e-419b-7060-575b-cf159fe8372b,,,,5411.0
2026-08-07T14:03:00.000000Z,2026-08-07,DEFAULT,CASH,CARD_TRANSACTION,,CITY SUPERMARKET,,,,-41.37,,,EUR,,,,CITY SUPERMARKET,71c3cc2a-cfb5-9701-656d-38765b5be99b,,,,5411.0
2026-08-07T17:29:00.000000Z,2026-08-07,DEFAULT,CASH,CARD_TRANSACTION,,CITY SUPERMARKET,,,,-28.73,,,EUR,,,,CITY SUPERMARKET,17068509-71f9-220b-706e-d9a1712a3673,,,,5411.0
2026-08-08T11:11:00.000000Z,2026-08-08,DEFAULT,CASH,CARD_TRANSACTION,,COFFEE CORNER,,,,-6.17,,,EUR,,,,COFFEE CORNER,18465527-46e7-49ce-75ae-cc6519e9b196,,,,5814.0
2026-08-10T18:04:00.000000Z,2026-08-10,DEFAULT,CASH,CARD_TRANSACTION,,COFFEE CORNER,,,,-4.59,,,EUR,,,,COFFEE CORNER,6fb81777-d814-2962-4a84-73537596ccf7,,,,5814.0
2026-08-11T11:06:00.000000Z,2026-08-11,DEFAULT,CASH,CARD_TRANSACTION,,COFFEE CORNER,,,,-3.03,,,EUR,,,,COFFEE CORNER,6d6ed78b-abdc-11b7-5a15-210a2239da01,,,,5814.0
2026-08-11T15:52:00.000000Z,2026-08-11,DEFAULT,CASH,CARD_TRANSACTION,,CORNER BAKERY,,,,-5.85,,,EUR,,,,CORNER BAKERY,2bb17735-9853-a788-1ba9-8f506cb512d4,,,,5462.0
2026-08-12T08:29:00.000000Z,2026-08-12,DEFAULT,CASH,CARD_TRANSACTION,,COFFEE CORNER,,,,-4.22,,,EUR,,,,COFFEE CORNER,1e2a0a36-1b09-44ad-012e-bdb0abe1ba86,,,,5814.0
2026-08-13T13:03:00.000000Z,2026-08-13,DEFAULT,CASH,CARD_TRANSACTION,,COFFEE CORNER,,,,-4.04,,,EUR,,,,COFFEE CORNER,67ebbba6-e24c-3fae-74fe-1b2f26a88ccb,,,,5814.0
2026-08-14T17:36:00.000000Z,2026-08-14,DEFAULT,CASH,CARD_TRANSACTION,,CITY SUPERMARKET,,,,-31.74,,,EUR,,,,CITY SUPERMARKET,6e0f9110-d9c1-39a2-6c37-f6e49056ac35,,,,5411.0
2026-08-15T09:54:00.000000Z,2026-08-15,DEFAULT,CASH,CARD_TRANSACTION,,COFFEE CORNER,,,,-4.12,,,EUR,,,,COFFEE CORNER,27c6564b-d338-9f29-148f-497e665da86e,,,,5814.0
2026-08-15T10:00:00.000000Z,2026-08-15,DEFAULT,CASH,DIVIDEND,STOCK,Apple,US0EXAMPLE04,7.696065,,1.6,,,EUR,1.85,USD,1.1535,,716f9a08-8fd7-a892-22be-86dea4636ea0,,,,
2026-08-15T10:00:00.000000Z,2026-08-15,DEFAULT,CASH,DIVIDEND,STOCK,Microsoft,US0EXAMPLE05,3.883223,,2.52,,,EUR,2.91,USD,1.1535,,6339781b-77d7-e72b-54c3-64aaee04b674,,,,
2026-08-16T12:39:00.000000Z,2026-08-16,DEFAULT,CASH,CARD_TRANSACTION,,COFFEE CORNER,,,,-4.12,,,EUR,,,,COFFEE CORNER,158dcac0-f55a-60ad-3c4e-9d677ad0dd28,,,,5814.0
2026-08-17T11:04:00.000000Z,2026-08-17,DEFAULT,CASH,CARD_TRANSACTION,,COFFEE CORNER,,,,-6.57,,,EUR,,,,COFFEE CORNER,1451df9c-1c89-583d-145c-769859c9320a,,,,5814.0
2026-08-17T19:28:00.000000Z,2026-08-17,DEFAULT,CASH,CARD_TRANSACTION,,FUEL STATION,,,,-62.23,,,EUR,,,,FUEL STATION,4dfa38f3-a9c2-7970-37aa-48b264f65e75,,,,5541.0
2026-08-18T13:13:00.000000Z,2026-08-18,DEFAULT,CASH,CARD_TRANSACTION,,CITY SUPERMARKET,,,,-18.99,,,EUR,,,,CITY SUPERMARKET,3b990f45-9c0a-621a-3196-176e050f2298,,,,5411.0
2026-08-19T14:39:00.000000Z,2026-08-19,DEFAULT,CASH,CARD_TRANSACTION,,METRO TRANSIT,,,,-9.9,,,EUR,,,,METRO TRANSIT,15545548-51c6-b3d8-059d-25f27825a18e,,,,4111.0
2026-08-20T13:19:00.000000Z,2026-08-20,DEFAULT,CASH,CARD_TRANSACTION,,FUEL STATION,,,,-60.72,,,EUR,,,,FUEL STATION,0344a092-c21a-c9f3-00f4-55148e17cbc4,,,,5541.0
2026-08-21T13:39:00.000000Z,2026-08-21,DEFAULT,CASH,CARD_TRANSACTION,,METRO TRANSIT,,,,-8.86,,,EUR,,,,METRO TRANSIT,59d7429d-6ba2-2375-3390-3d4f6828b58d,,,,4111.0
2026-08-21T14:19:00.000000Z,2026-08-21,DEFAULT,CASH,CARD_TRANSACTION,,CORNER BAKERY,,,,-4.72,,,EUR,,,,CORNER BAKERY,60fcdade-43be-909e-509c-e2c3ee9c244f,,,,5462.0
2026-08-22T20:16:00.000000Z,2026-08-22,DEFAULT,CASH,CARD_TRANSACTION,,CITY SUPERMARKET,,,,-37.64,,,EUR,,,,CITY SUPERMARKET,2265420b-c2f9-12c3-5893-3d16d6ea4731,,,,5411.0
2026-08-23T16:47:00.000000Z,2026-08-23,DEFAULT,CASH,CARD_TRANSACTION,,CORNER BAKERY,,,,-4.51,,,EUR,,,,CORNER BAKERY,50c587be-3df3-3590-13ad-98fed2afff0d,,,,5462.0
2026-08-23T19:58:00.000000Z,2026-08-23,DEFAULT,CASH,CARD_TRANSACTION,,COFFEE CORNER,,,,-4.14,,,EUR,,,,COFFEE CORNER,1e4ba953-7819-91d3-6de9-0035375afc91,,,,5814.0
2026-08-24T08:17:00.000000Z,2026-08-24,DEFAULT,CASH,CARD_TRANSACTION,,BOOK HOUSE,,,,-22.66,,,EUR,,,,BOOK HOUSE,3e4c82d8-e46e-960a-4ce8-a1e2bebe6741,,,,5942.0
2026-08-25T12:52:00.000000Z,2026-08-25,DEFAULT,CASH,CARD_TRANSACTION,,CORNER BAKERY,,,,-6.79,,,EUR,,,,CORNER BAKERY,180bd1fb-c384-f924-6dde-2c34b30772c4,,,,5462.0
2026-08-26T09:06:00.000000Z,2026-08-26,DEFAULT,CASH,CARD_TRANSACTION,,CITY SUPERMARKET,,,,-34.84,,,EUR,,,,CITY SUPERMARKET,7ff6a7ff-5200-58f7-1ccd-930529516a6c,,,,5411.0
2026-08-27T07:00:00.000000Z,2026-08-27,DEFAULT,CASH,TRANSFER_INBOUND,,,,,,2584.47,,,EUR,,,,Incoming transfer from Example Employer GmbH,100aaec4-a8e3-7cb7-0b1a-7c3eee82f5a2,,,,
2026-08-29T20:52:00.000000Z,2026-08-29,DEFAULT,CASH,CARD_TRANSACTION,,CITY SUPERMARKET,,,,-59.26,,,EUR,,,,CITY SUPERMARKET,5fd9902a-afc8-dd11-557e-87850f40de2f,,,,5411.0
2026-09-01T06:00:00.000000Z,2026-09-01,DEFAULT,CASH,INTEREST_PAYMENT,,,,,,2.92,,0.0,EUR,,,,Your interest payment,6a523df4-67ad-b856-145d-f867fbbf7126,,,,
2026-09-01T12:01:00.000000Z,2026-09-01,DEFAULT,CASH,CARD_TRANSACTION,,COFFEE CORNER,,,,-5.65,,,EUR,,,,COFFEE CORNER,728cab4e-b9c7-066a-4947-56a2a8281eff,,,,5814.0
2026-09-02T09:05:00.000000Z,2026-09-02,DEFAULT,TRADING,BUY,FUND,Vanguard FTSE All-World (Acc),IE00EXAMPLE01,1.258842,166.82,-210.0,-0.0,,EUR,,,,,1ed0aa44-107e-841d-134b-95b81bfb5ac7,,,,
2026-09-02T09:05:00.000000Z,2026-09-02,DEFAULT,TRADING,BUY,FUND,iShares MSCI EM (Acc),IE00EXAMPLE02,1.078361,55.64,-60.0,-0.0,,EUR,,,,,287a503e-1671-1742-32f0-0b4dc71af91b,,,,
2026-09-02T09:05:00.000000Z,2026-09-02,DEFAULT,TRADING,BUY,FUND,Xetra-Gold,IE00EXAMPLE03,0.247402,121.26,-30.0,-0.0,,EUR,,,,,1f75df4d-b5dd-4cb3-7fdb-ada3135533b8,,,,
2026-09-02T15:00:00.000000Z,2026-09-02,DEFAULT,CASH,CARD_TRANSACTION,,COFFEE CORNER,,,,-5.52,,,EUR,,,,COFFEE CORNER,439fce5d-7c5f-82a7-5435-cc42b91432bc,,,,5814.0
2026-09-03T09:29:00.000000Z,2026-09-03,DEFAULT,CASH,CARD_TRANSACTION,,FUEL STATION,,,,-59.63,,,EUR,,,,FUEL STATION,0ca453ac-efda-19ae-0d2c-da86b7a2689e,,,,5541.0
2026-09-03T11:00:00.000000Z,2026-09-03,DEFAULT,CASH,TRANSFER_DIRECT_DEBIT_INBOUND,,,,,,-750.0,,,EUR,,,,SEPA Direct Debit transfer to Example Immobilien GmbH (DE00EXAMPLE0000000000),1cddf3e2-e740-f72f-35f9-e3fbf24eea54,,,,
2026-09-04T11:00:00.000000Z,2026-09-04,DEFAULT,CASH,TRANSFER_DIRECT_DEBIT_INBOUND,,,,,,-29.9,,,EUR,,,,SEPA Direct Debit transfer to Example Fitness Club (DE00EXAMPLE0000000000),477f06ff-be94-e7db-0f65-85b662bcfe52,,,,
2026-09-04T19:06:00.000000Z,2026-09-04,DEFAULT,CASH,CARD_TRANSACTION,,METRO TRANSIT,,,,-6.99,,,EUR,,,,METRO TRANSIT,2c18bc27-a25a-c347-606c-73115fcf4b3b,,,,4111.0
2026-09-05T03:00:00.000000Z,2026-09-05,DEFAULT,CASH,CARD_TRANSACTION,,MUSICBOX,,,,-10.99,,,EUR,,,,MUSICBOX,18b362f2-2da9-dabd-1e31-b7a68bb9081a,,,,5815.0
2026-09-05T03:00:00.000000Z,2026-09-05,DEFAULT,CASH,CARD_TRANSACTION,,STREAMFLIX,,,,-12.99,,,EUR,,,,STREAMFLIX,119e0442-77be-ebb1-0091-c92006cded1b,,,,4899.0
2026-09-05T08:21:00.000000Z,2026-09-05,DEFAULT,CASH,CARD_TRANSACTION,,CITY SUPERMARKET,,,,-28.02,,,EUR,,,,CITY SUPERMARKET,40681c09-1ede-fa99-25ac-600fb042e56f,,,,5411.0
2026-09-06T15:26:00.000000Z,2026-09-06,DEFAULT,CASH,CARD_TRANSACTION,,FUEL STATION,,,,-53.13,,,EUR,,,,FUEL STATION,04d8cc02-4deb-c14a-257c-0156ab002d8c,,,,5541.0
2026-09-06T15:48:00.000000Z,2026-09-06,DEFAULT,CASH,CARD_TRANSACTION,,CORNER BAKERY,,,,-3.32,,,EUR,,,,CORNER BAKERY,40c97677-b41b-011a-4fb2-5443d91b6294,,,,5462.0
2026-09-09T13:22:00.000000Z,2026-09-09,DEFAULT,CASH,CARD_TRANSACTION,,METRO TRANSIT,,,,-3.18,,,EUR,,,,METRO TRANSIT,06aad850-7de4-0e85-7706-74ecaabc0046,,,,4111.0
2026-09-11T19:58:00.000000Z,2026-09-11,DEFAULT,CASH,CARD_TRANSACTION,,CORNER BAKERY,,,,-3.33,,,EUR,,,,CORNER BAKERY,051af8af-9dfa-5baf-1d1b-25816da6ada3,,,,5462.0
2026-09-13T12:13:00.000000Z,2026-09-13,DEFAULT,CASH,CARD_TRANSACTION,,CITY SUPERMARKET,,,,-41.33,,,EUR,,,,CITY SUPERMARKET,7dfe0064-cc7c-bbe3-1c95-d5a64e8ad038,,,,5411.0
2026-09-13T19:36:00.000000Z,2026-09-13,DEFAULT,CASH,CARD_TRANSACTION,,CORNER BAKERY,,,,-7.95,,,EUR,,,,CORNER BAKERY,39ab49d1-1c00-ecef-1515-173f6de80830,,,,5462.0
2026-09-14T10:17:00.000000Z,2026-09-14,DEFAULT,CASH,CARD_TRANSACTION,,CORNER BAKERY,,,,-4.05,,,EUR,,,,CORNER BAKERY,1c18b646-d466-9bca-3d26-fc642a6406cd,,,,5462.0
2026-09-14T13:29:00.000000Z,2026-09-14,DEFAULT,CASH,CARD_TRANSACTION,,CITY SUPERMARKET,,,,-20.67,,,EUR,,,,CITY SUPERMARKET,2cccc65d-0d8c-08f7-5bd0-d66ef5068910,,,,5411.0
2026-09-16T17:45:00.000000Z,2026-09-16,DEFAULT,CASH,CARD_TRANSACTION,,CORNER BAKERY,,,,-8.62,,,EUR,,,,CORNER BAKERY,0ef02585-8aa5-468b-7694-0046032bad1c,,,,5462.0
2026-09-16T17:55:00.000000Z,2026-09-16,DEFAULT,CASH,CARD_TRANSACTION,,TRATTORIA ROMA,,,,-30.25,,,EUR,,,,TRATTORIA ROMA,6adf7561-2942-45c0-72ac-f76b09f460f4,,,,5812.0
2026-09-17T13:35:00.000000Z,2026-09-17,DEFAULT,CASH,CARD_TRANSACTION,,COFFEE CORNER,,,,-6.37,,,EUR,,,,COFFEE CORNER,06f302a7-2bb7-f155-6ede-ac348fedae9d,,,,5814.0
2026-09-18T08:38:00.000000Z,2026-09-18,DEFAULT,CASH,CARD_TRANSACTION,,CORNER BAKERY,,,,-4.28,,,EUR,,,,CORNER BAKERY,755643aa-63ef-682c-7d00-92b7c0fd129a,,,,5462.0
2026-09-18T09:24:00.000000Z,2026-09-18,DEFAULT,CASH,CARD_TRANSACTION,,CITY SUPERMARKET,,,,-57.47,,,EUR,,,,CITY SUPERMARKET,3549c2a9-7e4d-b8aa-77fb-6c4adfdcb6e9,,,,5411.0
2026-09-20T11:07:00.000000Z,2026-09-20,DEFAULT,CASH,CARD_TRANSACTION,,COFFEE CORNER,,,,-4.66,,,EUR,,,,COFFEE CORNER,5bb41511-d20d-5bb8-5016-5fa8eb4eaf85,,,,5814.0
2026-09-22T18:56:00.000000Z,2026-09-22,DEFAULT,CASH,CARD_TRANSACTION,,COFFEE CORNER,,,,-3.87,,,EUR,,,,COFFEE CORNER,0635120a-7215-627a-1897-32eb1f9640b3,,,,5814.0
2026-09-24T14:35:00.000000Z,2026-09-24,DEFAULT,CASH,CARD_TRANSACTION,,TRATTORIA ROMA,,,,-28.24,,,EUR,,,,TRATTORIA ROMA,54478be8-0673-837d-0b42-656792a9d3f7,,,,5812.0
2026-09-24T15:18:00.000000Z,2026-09-24,DEFAULT,CASH,CARD_TRANSACTION,,CORNER BAKERY,,,,-5.59,,,EUR,,,,CORNER BAKERY,46f33dc5-a13c-74c5-46b9-e41166083f1b,,,,5462.0
2026-09-25T11:34:00.000000Z,2026-09-25,DEFAULT,CASH,CARD_TRANSACTION,,CORNER BAKERY,,,,-8.02,,,EUR,,,,CORNER BAKERY,15fc01d0-acab-4c69-4e5a-ed58361f3cce,,,,5462.0
2026-09-25T11:49:00.000000Z,2026-09-25,DEFAULT,CASH,CARD_TRANSACTION,,CITY SUPERMARKET,,,,-56.01,,,EUR,,,,CITY SUPERMARKET,2bfd4a63-eaee-72d8-2ea3-40a4b9b8381f,,,,5411.0
2026-09-26T10:24:00.000000Z,2026-09-26,DEFAULT,CASH,CARD_TRANSACTION,,CITY SUPERMARKET,,,,-36.17,,,EUR,,,,CITY SUPERMARKET,069a2894-2e0d-a607-776f-026f6db9769d,,,,5411.0
2026-09-27T07:00:00.000000Z,2026-09-27,DEFAULT,CASH,TRANSFER_INBOUND,,,,,,2530.84,,,EUR,,,,Incoming transfer from Example Employer GmbH,7137c97f-c7e6-7a89-61a9-aa46f9ce9c78,,,,
2026-09-27T13:36:00.000000Z,2026-09-27,DEFAULT,CASH,CARD_TRANSACTION,,COFFEE CORNER,,,,-6.67,,,EUR,,,,COFFEE CORNER,2ee54863-c02a-d7ec-5f86-2995a6221137,,,,5814.0
2026-09-27T20:28:00.000000Z,2026-09-27,DEFAULT,CASH,CARD_TRANSACTION,,TRATTORIA ROMA,,,,-26.04,,,EUR,,,,TRATTORIA ROMA,0808a089-0d04-7273-007a-13d3ad5bd6d0,,,,5812.0
2026-09-28T11:26:00.000000Z,2026-09-28,DEFAULT,CASH,CARD_TRANSACTION,,CITY SUPERMARKET,,,,-65.47,,,EUR,,,,CITY SUPERMARKET,41a87dce-a44f-dcc1-4fd1-4f78fd9e7f59,,,,5411.0
2026-09-30T10:32:00.000000Z,2026-09-30,DEFAULT,CASH,CARD_TRANSACTION,,METRO TRANSIT,,,,-5.32,,,EUR,,,,METRO TRANSIT,16094502-d8c1-7a6a-15ca-1b42eac342d8,,,,4111.0
